Estación,Provincia,Temperatura máxima (ºC),Temperatura mínima (ºC),Temperatura media (ºC),Racha (km/h),Velocidad máxima (km/h),Precipitación 00-24h (mm),Precipitación 00-06h (mm),Precipitación 06-12h (mm),Precipitación 12-18h (mm),Precipitación 18-24h (mm)
Estaca de Bares,A Coruña,11.0 (20:20),8.7 (04:10),9.8,61 (16:30),39 (18:40),0,0,0,0,0
As Pontes,A Coruña,13.9 (14:50),-0.8 (07:30),6.5,,,0,0,0,0,0
A Coruña,A Coruña,13.9 (14:50),5.1 (07:10),9.5,15 (02:20),10 (02:20),0,0,0,0,0
A Coruña Aeropuerto,A Coruña,14.2 (14:50),0.0 (09:30),7.1,24 (23:10),15 (04:00),0,0,0,0,0
"Carballo, Depuradora",A Coruña,16.0 (15:50),-2.8 (08:40),6.6,,,0,0,0,0,0
Cabo Vilan,A Coruña,13.6 (14:20),8.0 (08:30),10.8,20 (22:00),14 (21:40),0,0,0,0,0
Vimianzo,A Coruña,14.6 (15:50),1.3 (09:00),8,,,0,0,0,0,0
Fisterra,A Coruña,13.3 (02:10),8.4 (22:30),10.8,23 (17:30),19 (00:10),0,0,0,0,0
Mazaricos,A Coruña,14.0 (16:10),1.2 (09:10),7.6,,,0,0,0,0,0
Sobrado,A Coruña,17.5 (16:10),-2.1 (09:00),7.7,,,0,0,0,0,0
Santiago de Compostela Aeropuerto,A Coruña,15.5 (15:00),1.9 (08:40),8.7,13 (20:20),11 (20:30),0,0,0,0,0
Noia,A Coruña,13.0 (13:20),4.4 (09:00),8.7,10 (14:40),4 (23:10),0,0,0,0,0
Boiro,A Coruña,15.8 (16:30),0.7 (07:50),8.3,,,0,0,0,0,0
Padrón,A Coruña,13.3 (16:20),-1.3 (09:10),6,32 (07:30),27 (07:30),0,0,0,0,0
Santiago de Compostela,A Coruña,16.2 (16:10),1.5 (08:00),8.9,17 (08:20),9 (00:50),0,0,0,0,0
"Rois, Casas do Porto",A Coruña,15.2 (15:50),3.7 (08:40),9.4,,,0,0,0,0,0
Ossa de Montiel,Albacete,17.6 (13:50),-3.1 (07:40),7.3,19 (15:00),8 (14:40),0,0,0,0,0
Villarrobledo,Albacete,15.3 (14:50),-3.4 (08:50),6,18 (15:10),12 (15:30),0,0,0,0,0
Munera,Albacete,14.9 (13:40),-4.4 (07:20),5.2,17 (14:50),8 (14:40),0,0,0,0,0
"Yeste, Embalse Fuensanta",Albacete,20.6 (15:50),-1.9 (08:30),9.4,,,0,0,0,0,0
Nerpio,Albacete,15.2 (14:30),-3.9 (07:40),5.6,,,0,0,0,0,0
Yeste,Albacete,19.7 (15:40),2.9 (08:40),11.3,,,0,0,0,0,0
Hellín,Albacete,18.9 (15:20),3.7 (01:50),11.3,24 (19:00),15 (09:00),0,0,0,0,0
Tobarra,Albacete,19.4 (16:00),0.9 (08:30),10.1,,,0,0,0,0,0
Albacete Base Aérea,Albacete,15.9 (15:30),-4.0 (07:00),5.9,,,0,0,0,0,0
Chinchilla,Albacete,,,,,,,,,,
Albacete,Albacete,16.9 (15:00),-2.2 (08:00),7.3,20 (15:20),9 (15:20),0,0,0,0,0
Alcalá del Júcar,Albacete,14.9 (16:50),-2.0 (07:10),6.4,20 (13:00),11 (17:00),0,0,0,0,0
Almansa,Albacete,18.0 (15:40),-1.4 (08:30),8.3,25 (13:50),12 (13:30),0,0,0,0,0
Orihuela,Alacant/Alicante,18.1 (16:20),1.1 (08:40),9.6,20 (13:50),13 (11:40),0,0,0,0,0
Pinoso,Alacant/Alicante,16.5 (16:10),-5.7 (07:20),5.4,17 (14:20),9 (12:30),0,0,0,0,0
Rojales,Alacant/Alicante,20.2 (15:40),2.1 (07:50),11.2,21 (19:10),10 (12:00),0,0,0,0,0
Villena,Alacant/Alicante,19.3 (15:40),-6.2 (08:00),6.5,19 (16:10),12 (15:50),0,0,0,0,0
Novelda,Alacant/Alicante,20.8 (14:20),4.7 (08:20),12.7,,,0,0,0,0,0
Elche/Elx,Alacant/Alicante,20.5 (16:10),4.2 (06:20),12.3,,,0,0,0,0,0
Alicante-Elche Aeropuerto,Alacant/Alicante,19.2 (15:40),3.9 (06:30),11.6,32 (13:40),22 (13:00),0,0,0,0,0
Alicante/Alacant,Alacant/Alicante,20.2 (15:10),4.3 (06:10),12.3,25 (15:00),13 (15:00),0,0,0,0,0
Benidorm,Alacant/Alicante,17.8 (16:00),4.3 (07:20),11,15 (12:50),10 (14:30),0,0,0,0,0
Jávea/ Xàbia,Alacant/Alicante,17.7 (13:40),2.4 (08:20),10.1,18 (01:40),12 (07:10),0,0,0,0,0
Pego,Alacant/Alicante,18.1 (13:50),7.7 (08:50),12.9,14 (00:10),9 (00:20),0,0,0,0,0
Alcoy/Alcoi,Alacant/Alicante,17.8 (16:30),6.7 (08:10),12.2,28 (02:30),18 (05:20),0,0,0,0,0
Vélez Blanco - Topares,Almería,15.9 (15:50),1.5 (05:50),8.7,,,0,0,0,0,0
Adra,Almería,18.5 (10:30),10.2 (07:10),14.3,16 (16:40),10 (16:40),0,0,0,0,0
El Ejido,Almería,,,,,,,,,,
Roquetas de Mar,Almería,18.2 (15:30),3.3 (09:00),10.8,,,,,,,
Abla,Almería,20.1 (12:20),4.0 (04:40),12.1,19 (21:30),11 (23:50),0,0,0,0,0
Láujar de Andarax,Almería,15.6 (14:40),7.2 (02:30),11.4,22 (12:10),14 (12:20),0,0,0,0,0
Almería Aeropuerto,Almería,17.6 (14:40),8.3 (01:10),13,30 (05:30),22 (05:30),0,0,0,0,0
Cabo de Gata,Almería,17.8 (12:40),11.5 (07:50),14.6,27 (09:50),19 (09:50),0,0,0,0,0
"Garrucha, Puerto",Almería,17.5 (12:30),7.2 (05:30),12.3,30 (16:40),27 (16:40),0,0,0,0,0
Albox,Almería,20.2 (14:30),6.3 (02:10),13.3,23 (23:40),14 (04:10),0,0,0,0,0
Huércal-Overa,Almería,21.2 (12:50),1.4 (08:10),11.3,25 (14:40),12 (14:30),0,0,0,0,0
Aramaio,Araba/Álava,7.1 (13:00),2.2 (08:50),4.6,,,0,0,0,0,0
Amurrio,Araba/Álava,7.6 (16:10),-2.9 (08:30),2.3,12 (21:10),6 (19:30),0,0,0,0,0
Lalastra,Araba/Álava,12.7 (14:20),-1.1 (23:50),5.8,26 (15:00),12 (18:40),0,0,0,0,0
Agurain/Salvatierra,Araba/Álava,11.5 (15:30),0.3 (08:10),5.9,20 (17:00),11 (01:30),0,0,0,0,0
Vitoria Gasteiz Aeropuerto,Araba/Álava,12.0 (14:40),-4.6 (08:30),3.7,30 (16:40),23 (16:40),0,0,0,0,0
Labastida,Araba/Álava,14.3 (15:20),1.5 (22:50),7.9,33 (13:40),18 (14:00),0,0,0,0,0
Leza,Araba/Álava,14.6 (15:00),-1.5 (07:30),6.6,,,0,0,0,0,0
Campezo/Kanpezu,Araba/Álava,13.8 (16:00),1.9 (22:40),7.9,,,0,0,0,0,0
Cabrales,Asturias,12.0 (14:30),4.1 (09:10),8,16 (08:20),12 (08:20),0,0,0,0,0
Llanes,Asturias,10.2 (13:10),5.9 (06:20),8,33 (07:40),18 (07:50),0,0,0,0,0
"Amieva, Panizales",Asturias,10.6 (14:50),1.4 (08:30),6,15 (14:30),8 (14:20),0,0,0,0,0
Piloña,Asturias,11.0 (15:20),-0.3 (06:50),5.3,14 (19:10),6 (16:00),0.2,0,0.2,0,0
Colunga,Asturias,10.2 (15:30),6.7 (05:00),8.4,23 (00:20),14 (13:20),0,0,0,0,0
"Gijón, Campus",Asturias,12.2 (14:40),0.2 (06:20),6.2,29 (15:10),14 (14:00),0,0,0,0,0
Cabo Peñas,Asturias,,,,38 (22:30),24 (08:40),0,0,0,0,0
Asturias Aeropuerto,Asturias,9.9 (14:20),1.5 (06:00),5.7,32 (11:50),23 (11:40),0,0,0,0,0
Puerto de Pajares,Asturias,10.1 (14:30),1.0 (22:00),5.6,22 (01:00),18 (01:30),0,0,0,0,0
Pola de Lena,Asturias,12.1 (15:20),-1.4 (08:30),5.4,11 (15:20),7 (14:00),0,0,0,0,0
Aller,Asturias,11.0 (13:00),-0.2 (23:40),5.4,17 (16:30),10 (01:10),0,0,0,0,0
Mieres,Asturias,12.8 (16:10),-1.9 (09:30),5.5,12 (14:50),7 (14:00),0,0,0,0,0
Oviedo,Asturias,9.6 (15:40),1.4 (09:00),5.5,14 (19:00),11 (05:40),0,0,0,0,0
"Tineo, Soto de la Barca",Asturias,9.5 (16:30),-2.5 (08:50),3.5,13 (15:50),7 (15:50),0,0,0,0,0
Pola de Somiedo,Asturias,14.4 (14:20),-1.6 (23:50),6.4,8 (15:30),5 (15:10),0,0,0,0,0
Salas,Asturias,12.7 (16:40),1.0 (08:50),6.8,16 (14:30),11 (14:30),0,0,0,0,0
Cabo Busto,Asturias,11.4 (12:50),3.4 (08:00),7.4,,,0,0,0,0,0
Degaña,Asturias,12.6 (14:30),0.8 (22:20),6.7,23 (23:59),18 (23:59),0,0,0,0,0
"Ibias, San Antolin",Asturias,15.5 (14:40),3.2 (23:59),9.4,17 (07:50),10 (03:10),0,0,0,0,0
"Villayón, Oneta",Asturias,10.5 (12:40),5.1 (23:40),7.8,15 (23:30),8 (23:30),0,0,0,0,0
Castropol,Asturias,13.9 (15:10),1.9 (09:30),7.9,21 (22:30),11 (22:30),0,0,0,0,0
"Taramundi, Ouria",Asturias,9.9 (14:00),3.7 (10:00),6.8,13 (22:00),10 (14:40),0,0,0,0,0
Puerto de Leitariegos,Asturias,10.1 (12:20),1.9 (21:50),6,,,0,0,0,0,0
Muñotello,Ávila,14.2 (15:00),-1.3 (08:20),6.4,26 (15:00),19 (15:10),0,0,0,0,0
Ávila,Ávila,11.9 (13:40),-2.8 (06:10),4.5,22 (14:10),14 (14:10),0,0,0,0,0
Gotarrendura,Ávila,10.8 (16:10),-3.2 (09:00),3.8,15 (14:40),10 (04:30),0,0,0,0,0
Arevalo,Ávila,10.6 (16:20),-4.7 (08:40),3,12 (21:40),9 (21:40),0,0,0,0,0
Rivilla de Barajas,Ávila,10.5 (16:20),-0.5 (09:00),5,14 (22:50),11 (22:50),0,0,0,0,0
Navarredonda de Gredos,Ávila,,,,19 (14:00),6 (13:30),,,,,
Barco de Avila,Ávila,15.0 (15:00),-3.7 (07:00),5.6,20 (03:20),13 (03:20),,,,,
Puerto El Pico,Ávila,18.0 (15:40),-6.9 (06:10),5.5,19 (13:50),11 (15:10),0,0,0,0,0
Cebreros,Ávila,15.3 (14:20),3.3 (07:10),9.3,33 (23:50),14 (23:20),0,0,0,0,0
Candeleda,Ávila,15.1 (16:20),-0.6 (08:10),7.3,10 (15:00),5 (02:20),0,0,0,0,0
Herrera del Duque,Badajoz,17.7 (17:00),-0.7 (08:00),8.5,11 (17:30),8 (18:10),0,0,0,0,0
Peraleda del Zaucejo,Badajoz,18.6 (15:30),-2.3 (08:40),8.2,9 (15:50),5 (15:50),0,0,0,0,0
Castuera,Badajoz,17.2 (16:00),6.6 (09:00),11.9,10 (16:00),8 (04:00),0,0,0,0,0
Navalvillar de Pela,Badajoz,16.7 (17:10),0.1 (08:00),8.4,12 (16:10),9 (02:10),0,0,0,0,0
Don Benito,Badajoz,15.7 (16:50),0.4 (09:10),8,12 (22:00),9 (22:00),0,0,0,0,0
Llerena,Badajoz,17.4 (15:00),7.8 (07:20),12.6,16 (04:20),14 (04:20),0,0,0,0,0
Villafranca de los Barros,Badajoz,18.2 (15:20),-1.1 (09:00),8.6,12 (16:10),9 (01:50),0,0,0,0,0
Mérida,Badajoz,20.1 (16:20),0.2 (08:40),10.2,15 (11:20),11 (10:50),0,0,0,0,0
Zafra,Badajoz,18.4 (15:20),0.2 (07:50),9.3,14 (01:20),10 (23:59),0,0,0,0,0
Almendralejo,Badajoz,17.1 (15:10),1.6 (08:20),9.4,18 (02:20),15 (02:20),0,0,0,0,0
Badajoz Aeropuerto,Badajoz,16.1 (16:30),-1.3 (09:10),7.4,9 (11:20),6 (22:30),0,0,0,0,0
Alburquerque,Badajoz,18.2 (15:50),-1.8 (08:30),8.2,10 (09:20),6 (20:30),0,0,0,0,0
Puebla de Obando,Badajoz,17.7 (15:20),1.9 (07:50),9.8,9 (23:50),8 (23:50),0,0,0,0,0
Badajoz,Badajoz,16.6 (16:00),-1.2 (08:30),7.7,12 (13:40),6 (01:20),0,0,0,0,0
Olivenza,Badajoz,15.3 (16:50),0.3 (08:40),7.8,18 (03:10),17 (03:10),0,0,0,0,0
Alconchel,Badajoz,16.4 (17:40),1.4 (07:50),8.9,11 (04:20),7 (06:00),0,0,0,0,0
Barcarrota,Badajoz,17.8 (13:20),0.5 (06:30),9.1,15 (06:50),9 (13:30),0,0,0,0,0
Villanueva del Fresno,Badajoz,17.4 (15:50),2.8 (07:00),10.1,12 (06:10),6 (06:10),0,0,0,0,0
Monesterio,Badajoz,16.7 (13:40),5.8 (22:50),11.3,16 (03:10),11 (03:10),0,0,0,0,0
Fuente de Cantos,Badajoz,17.7 (15:30),6.5 (09:10),12.1,23 (00:20),22 (00:20),0,0,0,0,0
Jerez de los Caballeros,Badajoz,19.3 (17:20),0.3 (09:00),9.8,19 (01:30),15 (01:30),0,0,0,0,0
Fregenal de la Sierra,Badajoz,17.3 (14:10),0.3 (05:00),8.8,10 (14:30),6 (02:30),0,0,0,0,0
Azuaga,Badajoz,17.4 (14:40),4.5 (04:20),10.9,10 (02:00),8 (02:00),0,0,0,0,0
Pontons,Barcelona,14.7 (12:10),2.4 (20:30),8.5,33 (23:30),24 (23:30),0,0,0,0,0
Vilafranca del Penedès,Barcelona,16.5 (16:10),0.5 (08:30),8.5,16 (12:20),9 (12:20),0,0,0,0,0
Sitges,Barcelona,16.2 (12:20),5.2 (07:40),10.7,21 (12:40),13 (13:00),0,0,0,0,0
Barcelona Aeropuerto,Barcelona,17.3 (14:10),5.3 (07:40),11.3,33 (04:40),24 (04:40),0,0,0,0,0
Berga,Barcelona,12.9 (15:50),2.5 (23:59),7.7,17 (06:50),10 (04:10),0,0,0,0,0
Balsareny,Barcelona,13.9 (15:40),-2.9 (08:30),5.5,12 (16:20),9 (16:10),0,0,0,0,0
Prats de Lluçanès,Barcelona,13.2 (15:20),-0.3 (06:20),6.4,15 (14:00),8 (14:00),0,0,0,0,0
Moià,Barcelona,13.7 (13:20),3.8 (23:59),8.7,14 (13:40),8 (13:40),0,0,0,0,0
Manresa,Barcelona,13.9 (16:20),-1.9 (09:10),6,15 (18:30),8 (18:30),0,0,0,0,0
Monistrol de Montserrat,Barcelona,11.5 (02:50),6.8 (22:40),9.2,,,0,0,0,0,0
Igualada,Barcelona,16.2 (14:00),0.3 (07:40),8.3,13 (15:50),6 (21:50),0,0,0,0,0
"Corbera, Pic d'Agulles",Barcelona,12.7 (14:50),4.1 (22:50),8.4,,,0,0,0,0,0
Barcelona,Barcelona,16.2 (13:30),6.6 (04:40),11.4,23 (08:30),18 (07:50),0,0,0,0,0
"Barcelona, Museo Marítimo",Barcelona,17.2 (14:40),8.6 (05:20),12.9,13 (23:50),8 (23:59),0,0,0,0,0
Caldes de Montbui,Barcelona,15.6 (14:40),0.2 (06:50),7.9,15 (03:30),11 (21:00),0,0,0,0,0
Vilassar de Dalt,Barcelona,17.2 (12:10),8.6 (03:10),12.9,18 (22:10),9 (22:10),0,0,0,0,0
Arenys de Mar,Barcelona,,,,,,,,,,
Santa Susanna,Barcelona,14.6 (13:40),3.5 (03:50),9.1,26 (13:00),15 (13:00),,,,,
Fogars de Montclús,Barcelona,11.3 (11:30),6.1 (18:40),8.7,,,0,0,0,0,0
Tona,Barcelona,,,,,,,0,,0,0
Sant Julià  de Vilatorta,Barcelona,12.8 (16:00),-2.6 (08:00),5.1,9 (13:00),5 (12:50),0,0,0,0,0
Lekeitio,Bizkaia,8.5 (20:10),5.7 (06:50),7.1,17 (16:00),11 (10:20),0,0,0,0,0
Forua,Bizkaia,7.3 (17:00),2.9 (06:40),5.1,11 (11:10),7 (11:10),0,0,0,0,0
Machichaco,Bizkaia,8.4 (14:10),6.1 (00:00),7.2,26 (02:00),15 (01:50),0,0,0,0,0
Punta Galea,Bizkaia,,,,,,,,,,
Orozko,Bizkaia,7.5 (14:20),-0.2 (09:20),3.6,9 (14:50),4 (13:50),0.2,0,0.2,0,0
Abadiño,Bizkaia,7.3 (01:40),2.2 (18:00),4.8,,,0.2,0,0,0,0.2
Amorebieta--Etxano,Bizkaia,6.5 (16:40),1.2 (06:40),3.9,8 (10:00),5 (10:00),0.2,0,0,0.2,0
Balmaseda,Bizkaia,7.2 (17:30),-2.5 (08:00),2.3,,,0,0,0,0,0
Güeñes,Bizkaia,6.2 (21:10),-1.5 (08:10),2.3,11 (19:40),5 (19:40),0,0,0,0,0
Bilbao Aeropuerto,Bizkaia,8.1 (16:30),1.7 (07:00),4.9,15 (10:00),12 (10:00),0,0,0,0,0
Sopuerta,Bizkaia,7.9 (15:20),1.2 (06:50),4.6,9 (15:50),5 (18:30),0.2,0.2,0,0,0
Coruña del Conde,Burgos,10.1 (16:30),-3.1 (09:00),3.5,15 (14:40),9 (16:10),0,0,0,0,0
Aranda de Duero,Burgos,10.0 (16:30),-6.4 (08:50),1.8,14 (13:30),7 (13:30),0,0,0,0,0
Villadiego,Burgos,14.5 (15:00),2.5 (23:59),8.5,25 (17:00),22 (04:50),0,0,0,0,0
Pedrosa del Príncipe,Burgos,14.7 (16:00),-3.1 (07:20),5.8,15 (01:40),12 (02:10),0,0,0,0,0
Palacios de la Sierra,Burgos,14.2 (16:00),-5.9 (08:00),4.1,,,0,0,0,0,0
Monterrubio de la Demanda,Burgos,11.4 (14:20),-1.3 (08:40),5,28 (13:30),23 (13:40),0,0,0,0,0
Villamayor de los Montes,Burgos,12.6 (15:10),-2.7 (07:40),5,30 (15:30),18 (15:30),0,0,0,0,0
Burgos Aeropuerto,Burgos,12.8 (15:10),-2.3 (08:50),5.3,28 (11:50),22 (12:30),0,0,0,0,0
Santa Gadea de Alfoz,Burgos,11.6 (14:10),-1.2 (23:59),5.2,,,0,0,0,0,0
Sargentes de la Lora,Burgos,12.8 (14:10),0.0 (23:59),6.4,31 (13:30),20 (13:20),0,0,0,0,0
Briviesca,Burgos,13.5 (15:20),-0.8 (23:59),6.3,18 (04:40),10 (02:10),0,0,0,0,0
Medina de Pomar,Burgos,14.4 (16:40),-4.5 (09:10),4.9,21 (18:20),10 (19:40),0,0,0,0,0
Miranda de Ebro,Burgos,17.1 (15:20),-4.3 (08:30),6.4,21 (18:50),10 (18:50),0,0,0,0,0
Belorado,Burgos,12.5 (15:00),-0.6 (23:59),5.9,15 (15:30),7 (02:50),0,0,0,0,0
Puerto Rey,Cáceres,15.3 (15:30),0.6 (09:00),8,,,0,0,0,0,0
Navalvillar de Ibor,Cáceres,14.9 (14:10),5.3 (05:30),10.1,16 (17:40),9 (20:30),0,0,0,0,0
Madrigal de la Vera,Cáceres,13.1 (16:20),3.0 (09:10),8.1,11 (14:30),6 (18:10),0,0,0,0,0
Navalmoral de la Mata,Cáceres,13.3 (16:40),-3.1 (08:50),5.1,10 (01:00),8 (01:00),0,0,0,0,0
Garganta la Olla,Cáceres,11.9 (15:30),5.7 (08:00),8.8,13 (13:20),8 (13:20),0,0,0,0,0
Serradilla,Cáceres,13.6 (15:30),1.2 (08:20),7.4,13 (11:40),9 (11:40),0,0,0,0,0
Jaraicejo,Cáceres,15.5 (16:20),6.2 (09:00),10.8,14 (15:40),10 (07:20),0,0,0,0,0
Trujillo,Cáceres,15.3 (16:00),2.4 (06:00),8.9,13 (14:40),8 (14:20),0,0,0,0,0
Cáceres,Cáceres,16.0 (16:40),0.8 (09:20),8.4,21 (20:10),15 (20:00),0,0,0,0,0
Cañaveral,Cáceres,15.6 (16:00),1.6 (09:30),8.6,14 (22:10),8 (17:40),0,0,0,0,0
Nuñomoral,Cáceres,16.7 (15:20),-3.6 (09:00),6.6,17 (16:30),9 (16:30),0,0,0,0,0
Guijo de Granadilla,Cáceres,15.5 (16:00),0.9 (06:10),8.2,17 (08:10),10 (03:00),0,0,0,0,0
Hervás,Cáceres,14.1 (16:00),4.8 (22:20),9.5,21 (04:10),15 (04:10),0,0,0,0,0
Montehermoso,Cáceres,15.0 (16:50),-0.7 (08:10),7.2,9 (16:00),6 (17:40),0,0,0,0,0
Tornavacas,Cáceres,15.9 (12:50),8.1 (03:30),12,55 (23:30),41 (23:00),0,0,0,0,0
Piornal,Cáceres,16.2 (12:20),5.5 (05:50),10.9,22 (19:20),14 (14:30),0,0,0,0,0
Plasencia,Cáceres,14.8 (16:50),1.9 (08:50),8.4,10 (16:00),6 (04:20),0,0,0,0,0
Coria,Cáceres,14.8 (17:10),0.0 (08:50),7.4,13 (10:40),9 (23:59),0,0,0,0,0
Torrecilla de los Angeles,Cáceres,16.6 (14:50),0.9 (06:30),8.8,17 (05:30),10 (09:00),0,0,0,0,0
Hoyos,Cáceres,15.8 (14:50),4.2 (08:30),10,26 (19:40),15 (19:40),0,0,0,0,0
Zarza La Mayor,Cáceres,15.9 (17:20),0.5 (08:20),8.2,8 (14:30),6 (18:40),0,0,0,0,0
Valverde del Fresno,Cáceres,18.0 (16:20),0.9 (08:40),9.4,14 (22:00),10 (22:50),0,0,0,0,0
Aliseda,Cáceres,16.8 (16:30),-2.2 (09:10),7.3,10 (13:40),7 (13:30),0,0,0,0,0
Brozas,Cáceres,15.0 (15:50),3.0 (08:40),9,13 (00:20),13 (20:10),0,0,0,0,0
Valencia de Alcántara,Cáceres,16.3 (16:30),1.6 (07:40),8.9,13 (00:30),10 (04:10),0,0,0,0,0
Guadalupe,Cáceres,16.2 (14:40),4.2 (08:30),10.2,9 (15:10),5 (13:50),0,0,0,0,0
Cañamero,Cáceres,14.1 (14:30),3.4 (07:50),8.8,14 (04:10),10 (04:10),0,0,0,0,0
Zorita,Cáceres,15.8 (16:20),4.4 (08:10),10.1,14 (23:40),12 (23:40),0,0,0,0,0
Alcuescar,Cáceres,17.1 (15:50),4.9 (02:50),11,9 (02:50),8 (02:50),0,0,0,0,0
Chipiona,Cádiz,16.4 (16:10),4.9 (08:10),10.6,12 (12:20),7 (12:30),0,0,0,0,0
"Rota, Base Naval",Cádiz,17.3 (15:10),4.1 (08:50),10.7,,,0,0,0,0,0
Grazalema,Cádiz,17.8 (12:50),5.4 (23:30),11.6,24 (02:20),9 (02:00),0,0,0,0,0
Olvera,Cádiz,18.3 (15:40),8.4 (06:20),13.3,19 (00:10),11 (22:30),0,0,0,0,0
El Bosque,Cádiz,19.9 (17:00),4.1 (08:30),12,12 (14:50),8 (03:00),0,0,0,0,0
San José del Valle,Cádiz,19.9 (16:20),6.8 (08:00),13.3,13 (16:40),9 (18:50),0,0,0,0,0
Jerez de la Frontera Aeropuerto,Cádiz,18.8 (15:10),1.1 (08:20),9.9,22 (17:50),11 (15:10),0,0,0,0,0
San Fernando,Cádiz,17.9 (15:30),9.4 (07:10),13.6,24 (05:20),15 (05:30),0,0,0,0,0
Cádiz,Cádiz,18.4 (15:40),9.9 (07:50),14.1,18 (00:50),14 (06:40),0,0,0,0,0
Medina Sidonia,Cádiz,19.7 (16:40),5.6 (08:50),12.7,30 (02:40),22 (02:40),0,0,0,0,0
Vejer de la Frontera,Cádiz,19.1 (15:30),10.0 (07:40),14.6,40 (00:20),21 (00:20),0,0,0,0,0
Barbate,Cádiz,20.0 (13:50),9.0 (23:30),14.5,39 (00:10),30 (02:40),0,0,0,0,0
Tarifa,Cádiz,15.8 (13:40),8.2 (23:59),12,54 (00:50),33 (00:30),0,0,0,0,0
Jimena de la Frontera,Cádiz,19.7 (16:50),1.0 (08:20),10.4,14 (16:10),6 (17:30),0,0,0,0,0
San Roque,Cádiz,17.9 (14:50),5.5 (08:30),11.7,24 (00:50),15 (00:40),0,0,0,0,0
Castro Urdiales,Cantabria,10.4 (13:50),4.8 (04:10),7.6,15 (14:10),10 (15:20),0,0,0,0,0
Ramales de la Victoria,Cantabria,9.6 (14:30),-1.4 (07:00),4.1,9 (16:10),5 (16:40),0,0,0,0,0
"Barcena de Cicero, Treto",Cantabria,10.5 (15:50),2.6 (07:10),6.5,16 (07:40),10 (03:10),0,0,0,0,0
"Soba, Alto Miera",Cantabria,12.8 (13:00),1.6 (23:00),7.2,16 (00:20),11 (00:20),0,0,0,0,0
Santander Aeropuerto,Cantabria,11.3 (14:00),1.8 (04:00),6.6,18 (14:00),13 (13:00),0,0,0,0,0
Santander,Cantabria,10.7 (14:40),7.0 (04:00),8.8,27 (05:50),19 (06:10),0,0,0,0,0
Villacarriedo,Cantabria,10.6 (15:10),-2.0 (06:50),4.3,19 (16:10),10 (16:30),0,0,0,0,0
"Los Tojos, Bárcena Mayor",Cantabria,12.0 (13:50),-1.6 (08:40),5.2,22 (14:50),12 (14:40),0,0,0,0,0
San Felices de Buelna,Cantabria,12.0 (14:30),-1.0 (08:20),5.5,13 (15:50),8 (15:50),0,0,0,0,0
"Torrelavega, Sierrapando",Cantabria,,,,,,,,,,
San Vicente de la Barquera,Cantabria,9.7 (14:40),1.4 (08:40),5.5,30 (06:30),14 (05:50),0,0,0,0,0
"Camaleño, Fuente De",Cantabria,15.3 (14:30),2.1 (23:50),8.7,11 (14:40),6 (15:00),0,0,0,0,0
"Cillórigo de Liébana, Tama",Cantabria,11.6 (15:20),-4.0 (08:30),3.8,17 (14:40),12 (14:40),0,0,0,0,0
Tresviso,Cantabria,14.0 (15:10),4.6 (23:10),9.3,15 (08:10),12 (08:10),0,0,0,0,0
"Santillana del Mar, Altamira",Cantabria,9.1 (15:40),2.5 (02:40),5.8,17 (13:40),10 (02:50),0.2,0,0.2,0,0
Reinosa,Cantabria,13.9 (14:40),-3.6 (09:20),5.1,,,0,0,0,0,0
Alto Campoo,Cantabria,11.4 (12:40),2.0 (04:30),6.7,28 (15:40),14 (17:10),0,0,0,0,0
"Valderredible, Cubillo de Ebro",Cantabria,14.8 (15:20),-6.1 (09:00),4.4,22 (15:30),12 (15:30),0,0,0,0,0
"Valderredible, Polientes",Cantabria,14.7 (15:20),-5.6 (09:00),4.5,19 (15:10),10 (15:10),0,0,0,0,0
Segorbe,Castelló/Castellón,17.5 (13:30),2.6 (23:00),10,17 (00:10),13 (08:30),0,0,0,0,0
Montanejos,Castelló/Castellón,16.1 (14:40),0.9 (08:00),8.5,22 (16:00),13 (15:50),0,0,0,0,0
Villafranca del Cid/Vilafranca,Castelló/Castellón,13.1 (15:20),-0.9 (07:20),6.1,21 (11:30),17 (04:50),0,0,0,0,0
Atzeneta del Maestrat,Castelló/Castellón,18.0 (14:30),0.3 (08:20),9.2,15 (14:30),10 (15:00),0,0,0,0,0
Castellón - Almassora,Castelló/Castellón,16.1 (13:30),6.2 (07:10),11.2,19 (00:40),12 (00:40),0,0,0,0,0
Torreblanca,Castelló/Castellón,17.1 (13:40),7.5 (04:10),12.3,22 (00:50),16 (00:50),0,0,0,0,0
La Pobla de Benifassà-Fredes,Castelló/Castellón,10.4 (14:30),4.2 (22:10),7.3,45 (23:50),30 (23:40),0,0,0,0,0
Vinaròs,Castelló/Castellón,18.5 (13:00),3.4 (01:30),11,17 (04:30),12 (04:20),,,,,
Morella,Castelló/Castellón,10.8 (14:30),4.0 (22:20),7.4,25 (13:30),13 (14:30),0,0,0,0,0
Castellfort,Castelló/Castellón,9.7 (15:10),5.4 (08:10),7.5,,,0,0,0,0,0
Ceuta,Ceuta,17.3 (13:50),11.5 (23:59),14.4,24 (00:20),15 (00:40),0,0,0,0,0
Alcazar de San Juan,Ciudad Real,12.7 (16:10),-2.1 (09:10),5.3,12 (16:10),6 (15:20),0,0,0,0,0
Tomelloso,Ciudad Real,16.0 (16:20),-3.6 (08:50),6.2,14 (11:10),7 (21:20),0,0,0,0,0
Ciudad Real,Ciudad Real,16.6 (15:30),-2.2 (08:50),7.2,14 (16:40),8 (16:40),0,0,0,0,0
Villanueva de los Infantes,Ciudad Real,16.4 (15:00),6.7 (23:59),11.5,14 (17:20),8 (17:20),0,0,0,0,0
Valdepeñas,Ciudad Real,16.8 (16:10),-2.5 (08:30),7.1,13 (16:50),7 (16:30),0,0,0,0,0
Viso del Marqués,Ciudad Real,16.8 (16:10),1.9 (02:50),9.3,15 (14:30),9 (14:50),0,0,0,0,0
Abenójar,Ciudad Real,,,,,,,,,,
Puebla de Don Rodrigo,Ciudad Real,18.0 (16:50),-4.2 (08:30),6.9,,,,,,,
Almadén,Ciudad Real,19.0 (16:00),2.0 (08:30),10.5,12 (14:20),9 (14:10),0,0,0,0,0
Fuencaliente,Ciudad Real,19.6 (15:40),1.7 (08:30),10.7,17 (15:50),9 (16:20),0,0,0,0,0
Valsequillo,Córdoba,18.0 (15:20),-2.2 (08:00),7.9,10 (16:30),5 (15:50),0,0,0,0,0
Hinojosa del Duque,Córdoba,16.5 (14:40),0.1 (08:20),8.3,,,0,0,0,0,0
Cardeña,Córdoba,18.8 (15:00),7.2 (08:30),13,,,0,0,0,0,0
Montoro,Córdoba,19.4 (16:50),-2.0 (08:40),8.7,14 (12:40),7 (10:50),0,0,0,0,0
Villanueva de Córdoba,Córdoba,16.3 (14:40),7.8 (08:00),12,17 (15:20),9 (00:30),0,0,0,0,0
"Córdoba, Embalse de Guadanuño",Córdoba,18.5 (15:10),2.0 (06:30),10.3,12 (04:10),8 (08:50),0,0,0,0,0
Córdoba Aeropuerto,Córdoba,17.5 (16:30),0.5 (07:30),9,24 (11:50),17 (11:50),0,0,0,0,0
Priego de Córdoba,Córdoba,19.1 (13:20),1.1 (08:30),10.1,19 (15:40),14 (17:40),0,0,0,0,0
Doña Mencía,Córdoba,,,,,,,,,,
"Córdoba, Prágdena",Córdoba,18.1 (16:20),1.9 (08:10),10,21 (11:40),16 (11:40),0,0,0,0,0
Espiel,Córdoba,19.0 (17:10),-2.0 (08:20),8.5,6 (12:50),4 (12:50),0,0,0,0,0
Fuente Palmera,Córdoba,17.4 (16:10),2.5 (08:40),9.9,25 (08:00),14 (11:50),0,0,0,0,0
Benamejí,Córdoba,19.1 (15:50),3.6 (08:30),11.4,21 (00:30),18 (00:30),0,0,0,0,0
Aguilar de la Frontera,Córdoba,19.1 (15:40),4.0 (05:20),11.6,17 (04:40),14 (04:50),0,0,0,0,0
La Rambla,Córdoba,18.1 (16:30),2.3 (02:00),10.2,23 (10:10),12 (11:20),0,0,0,0,0
Beteta,Cuenca,,,,,,,,,,
Tarancón,Cuenca,17.3 (15:30),0.8 (08:30),9,12 (15:10),7 (16:40),0,0,0,0,0
Alcázar del Rey,Cuenca,15.2 (16:00),-3.2 (03:40),6,12 (16:10),8 (10:30),0,0,0,0,0
Abia de Obispalia,Cuenca,16.8 (14:00),-1.7 (08:20),7.5,14 (12:30),8 (17:50),0,0,0,0,0
Villares del Saz,Cuenca,13.0 (14:40),-3.5 (08:30),4.8,,,0,0,0,0,0
Alberca de Zancara,Cuenca,14.4 (15:40),-3.0 (07:30),5.7,20 (14:30),13 (14:20),0,0,0,0,0
San Clemente,Cuenca,13.9 (15:50),-3.3 (07:50),5.3,,,0,0,0,0,0
Osa de la Vega,Cuenca,12.7 (16:10),-3.5 (08:00),4.6,14 (15:20),9 (13:10),0,0,0,0,0
Belmonte,Cuenca,14.6 (14:50),-1.8 (08:40),6.4,16 (15:40),8 (15:10),0,0,0,0,0
Cuenca,Cuenca,16.9 (15:40),-3.1 (09:00),6.9,20 (15:50),10 (16:30),0,0,0,0,0
Motilla del Palancar,Cuenca,15.7 (16:10),-2.8 (04:40),6.4,24 (14:00),15 (13:40),0,0,0,0,0
Salvacañete,Cuenca,17.9 (16:00),-6.5 (09:00),5.7,26 (17:20),18 (17:50),0,0,0,0,0
Mira,Cuenca,18.7 (15:40),-7.4 (08:20),5.7,,,0,0,0,0,0
Irún,Gipuzkoa,5.6 (15:30),3.2 (05:20),4.4,11 (16:20),5 (16:20),0.2,0,0,0,0.2
San Sebastián Aeropuerto,Gipuzkoa,7.6 (15:20),5.3 (04:40),6.5,21 (17:50),13 (02:30),0,0,0,0,0
Renteria,Gipuzkoa,6.0 (15:20),0.1 (05:00),3.1,10 (19:50),5 (16:10),0.6,0,0,0,0.6
Segura - Lastala,Gipuzkoa,5.2 (17:00),-0.9 (07:30),2.1,6 (14:40),3 (15:00),0.2,0,0.2,0,0
Beasain,Gipuzkoa,4.9 (16:40),-0.5 (08:30),2.2,7 (11:30),4 (11:30),0,0,0,0,0
Ordizia,Gipuzkoa,5.0 (17:30),-0.4 (08:00),2.3,10 (23:00),6 (03:10),0,0,0,0,0
Legazpia,Gipuzkoa,6.1 (13:30),0.0 (10:00),3,,,0.2,0,0.2,0,0
Zumarraga,Gipuzkoa,3.7 (15:10),-1.3 (09:10),1.2,18 (23:50),8 (14:40),0.1,0,0.1,0,0
Azpeitia,Gipuzkoa,5.8 (20:10),1.1 (05:20),3.5,8 (20:40),4 (08:10),0.2,0,0,0,0.2
Zumaia,Gipuzkoa,8.4 (20:10),5.3 (05:10),6.8,20 (19:10),13 (19:20),0,0,0,0,0
Aretxabaleta,Gipuzkoa,5.5 (16:00),-0.9 (09:30),2.3,,,0.2,0,0,0,0.2
Elgeta,Gipuzkoa,4.7 (13:00),1.0 (09:10),2.8,13 (00:20),9 (00:20),0,0,0,0,0
Elgoibar,Gipuzkoa,5.9 (22:40),1.2 (06:50),3.6,16 (10:10),9 (10:20),0,0,0,0,0
Mutriku,Gipuzkoa,6.8 (15:10),4.6 (03:50),5.7,17 (20:30),8 (07:30),0,0,0,0,0
Blanes,Girona,16.4 (12:50),10.1 (23:50),13.3,20 (06:10),14 (23:20),0,0,0,0,0
"Castell, Platja d'Aro",Girona,14.4 (13:30),4.4 (06:20),9.4,18 (04:50),10 (04:50),0,0,0,0,0
Sant Pau de Segúries,Girona,13.8 (13:50),-3.4 (08:40),5.2,14 (14:40),6 (14:30),0,0,0,0,0
Planoles,Girona,14.7 (14:20),2.7 (08:50),8.7,14 (05:30),8 (15:00),0,0,0,0,0
Ripoll,Girona,13.6 (14:30),-2.8 (09:10),5.4,16 (14:40),9 (15:20),0,0,0,0,0
Les Planes d'Hostoles,Girona,15.1 (15:10),-2.2 (07:40),6.5,11 (14:20),5 (13:30),0,0,0,0,0
Sant Hilari,Girona,13.0 (13:20),1.5 (08:10),7.3,29 (20:10),18 (21:00),0,0,0,0,0
Girona Aeropuerto,Girona,16.1 (14:10),0.1 (08:10),8.1,21 (15:50),16 (16:00),0,0,0,0,0
Girona,Girona,16.6 (14:40),1.9 (08:40),9.3,14 (15:40),6 (16:40),0,0,0,0,0
Porqueres,Girona,15.2 (15:30),2.0 (08:40),8.6,12 (04:50),6 (01:40),0,0,0,0,0
L'Estartit,Girona,16.0 (00:00),6.4 (08:30),11.2,30 (13:50),15 (13:40),0,0,0,0,0
La Vall de Bianya,Girona,14.5 (13:30),-2.6 (08:20),6,19 (14:20),10 (14:40),0,0,0,0,0
Castelló d'Empúries,Girona,14.6 (15:20),3.5 (07:30),9.1,19 (13:40),12 (13:40),0,0,0,0,0
Maçanet de Cabrenys,Girona,14.7 (00:00),3.3 (23:59),9,14 (00:30),7 (12:00),0,0,0,0,0
Espolla,Girona,17.5 (00:30),5.9 (21:50),11.7,37 (00:20),21 (00:20),0,0,0,0,0
Figueres,Girona,16.3 (00:00),5.7 (08:40),11,28 (00:10),13 (00:10),0,0,0,0,0
La Molina,Girona,10.2 (15:30),1.3 (07:20),5.7,20 (20:40),11 (01:10),0,0,0,0,0
Baza,Granada,16.3 (16:30),-4.6 (07:40),5.8,20 (16:40),13 (19:10),0,0,0,0,0
Dólar,Granada,16.6 (14:30),3.4 (03:10),10,,,0,0,0,0,0
Víznar,Granada,,,,,,,,,,
Granada-Cartuja,Granada,20.0 (15:50),2.8 (08:30),11.4,7 (14:40),5 (21:10),0,0,0,0,0
Granada Aeropuerto,Granada,17.8 (16:30),-4.5 (08:40),6.6,,,0,0,0,0,0
Loja,Granada,17.9 (13:30),2.5 (06:50),10.2,27 (07:40),13 (00:10),0,0,0,0,0
Lanjarón,Granada,17.8 (15:20),3.6 (04:30),10.7,,,0,0,0,0,0
Salobreña,Granada,,,,,,0,0,0,0,0
Motril,Granada,22.1 (11:20),7.6 (07:10),14.9,15 (16:00),9 (15:20),,,,,
"Motril, Puerto",Granada,,,,13 (15:20),8 (15:20),0,0,0,0,0
Castell de Ferro,Granada,17.7 (15:50),10.2 (06:50),14,9 (02:30),6 (02:30),0,0,0,0,0
Válor,Granada,17.7 (12:30),6.0 (08:30),11.9,,,0,0,0,0,0
Molina de Aragón,Guadalajara,14.5 (16:10),-7.8 (08:30),3.3,12 (16:40),7 (15:20),0,0,0,0,0
Zaorejas,Guadalajara,12.4 (16:30),-2.0 (08:00),5.2,12 (14:50),6 (00:20),0,0,0,0,0
Pastrana,Guadalajara,14.7 (14:10),2.6 (07:00),8.6,,,0,0,0,0,0
Pantano el Vado,Guadalajara,14.9 (15:20),-1.3 (08:50),6.8,17 (15:10),8 (13:50),0,0,0,0,0
Mandayona,Guadalajara,16.4 (15:40),-1.8 (08:20),7.3,,,0,0,0,0,0
Campisábalos,Guadalajara,,,,,72 (08:40),0,0,0,0,0
Guadalajara,Guadalajara,14.6 (15:20),-1.6 (08:40),6.5,13 (15:50),8 (15:50),0,0,0,0,0
Brihuega,Guadalajara,16.4 (15:20),-2.5 (08:00),6.9,,,0,0,0,0,0
El Pedregal,Guadalajara,13.5 (14:10),0.3 (08:30),6.9,22 (07:30),17 (01:50),0,0,0,0,0
Aroche,Huelva,18.1 (17:00),-1.8 (05:00),8.2,12 (15:10),8 (15:10),0,0,0,0,0
El Granado,Huelva,17.1 (16:40),2.1 (09:00),9.6,,,0,0,0,0,0
Ayamonte,Huelva,18.3 (14:30),5.2 (06:00),11.7,14 (00:20),8 (08:50),0,0,0,0,0
Cartaya,Huelva,17.9 (15:30),3.8 (09:10),10.8,16 (12:50),10 (12:40),0,0,0,0,0
Alajar,Huelva,19.0 (15:10),8.2 (06:50),13.6,20 (01:50),12 (01:20),0,0,0,0,0
Valverde del Camino,Huelva,18.6 (15:30),2.9 (08:30),10.8,,,0,0,0,0,0
El Cerro de Andévalo,Huelva,18.8 (17:00),7.7 (07:30),13.2,,,0,0,0,0,0
"Alosno, Tharsis",Huelva,17.7 (16:40),7.2 (09:00),12.5,14 (23:59),11 (23:30),0,0,0,0,0
El Campillo,Huelva,19.2 (16:10),8.4 (06:30),13.8,17 (10:10),12 (07:40),0,0,0,0,0
Villarrasa,Huelva,20.4 (17:30),3.5 (03:20),11.9,15 (08:20),10 (08:20),0,0,0,0,0
"Huelva, Ronda Este",Huelva,19.5 (16:40),3.4 (08:10),11.5,16 (20:10),12 (20:10),0,0,0,0,0
Cala,Huelva,16.5 (14:30),2.7 (08:50),9.6,12 (15:00),5 (15:00),0,0,0,0,0
Almonte,Huelva,17.4 (17:20),3.0 (06:00),10.2,15 (13:50),9 (12:00),0,0,0,0,0
"Moguer, El Arenosillo",Huelva,18.5 (14:00),7.1 (08:10),12.8,23 (10:30),14 (09:10),0,0,0,0,0
Canfranc,Huesca,12.3 (14:30),4.4 (09:00),8.4,29 (00:20),14 (00:20),0,0,0,0,0
Jaca,Huesca,13.4 (14:40),-0.4 (08:50),6.5,22 (02:10),10 (22:00),0,0,0,0,0
"Valle de Hecho, Hecho",Huesca,14.6 (15:00),-2.5 (08:40),6.1,18 (00:10),9 (15:50),0,0,0,0,0
Aragüés del Puerto,Huesca,15.6 (15:30),2.9 (23:59),9.3,21 (05:30),14 (05:30),0,0,0,0,0
Bailo,Huesca,12.6 (16:00),0.3 (08:50),6.5,10 (20:20),8 (20:20),0,0,0,0,0
Biescas,Huesca,12.5 (14:10),-1.4 (07:20),5.6,6 (01:30),3 (01:30),0,0,0,0,0
Sabiñánigo,Huesca,14.1 (14:40),-5.1 (08:30),4.5,12 (15:50),8 (15:50),0,0,0,0,0
Almudévar,Huesca,4.4 (15:20),-2.2 (08:40),1.1,17 (17:30),12 (16:20),0.2,0,0.2,0,0
Sopeira,Huesca,14.3 (15:40),1.2 (09:30),7.8,57 (09:30),38 (10:20),0,0,0,0,0
Benabarre,Huesca,12.9 (13:20),0.9 (23:40),6.9,18 (01:50),14 (02:00),0,0,0,0,0
Bielsa,Huesca,12.1 (12:50),-1.1 (07:30),5.5,47 (00:30),22 (00:10),0,0,0,0,0
Ainsa,Huesca,11.9 (14:50),-1.1 (07:10),5.4,20 (16:50),17 (17:00),0,0,0,0,0
Torla - Depósito,Huesca,15.7 (14:20),3.0 (09:30),9.3,10 (11:40),5 (12:30),0,0,0,0,0
Benasque,Huesca,14.8 (14:50),-4.2 (08:50),5.3,26 (00:20),11 (00:10),0,0,0,0,0
Seira,Huesca,11.0 (15:30),-0.9 (09:10),5.1,11 (09:20),3 (02:30),0,0,0,0,0
Capella,Huesca,11.2 (15:10),-2.5 (08:50),4.3,13 (15:00),10 (15:00),0,0,0,0,0
Barbastro,Huesca,2.6 (15:50),-0.6 (08:10),1,9 (08:20),6 (08:30),0,0,0,0,0
"Sariñena, Depósito agua",Huesca,2.0 (16:40),-0.9 (09:40),0.6,9 (01:40),5 (05:50),0,0,0,0,0
Huesca Aeropuerto,Huesca,3.9 (13:50),-3.9 (08:20),0,12 (04:00),6 (03:00),0,0,0,0,0
Huesca,Huesca,2.7 (15:40),-2.4 (06:00),0.1,,,0,0,0,0,0
Lanaja,Huesca,1.5 (16:00),-3.4 (08:30),-1,11 (17:10),6 (17:10),0,0,0,0,0
Ballobar,Huesca,,,,,,,,,,
Tamarite de Litera,Huesca,2.9 (16:10),1.5 (08:00),2.2,10 (04:30),7 (20:00),0,0,0,0,0
Fraga,Huesca,3.1 (14:20),1.7 (09:10),2.4,10 (20:40),6 (20:50),0,0,0,0,0
"Escorca, Lluc",Illes Balears,16.3 (13:20),-0.7 (08:00),7.8,8 (13:30),2 (13:30),0,0,0,0,0
Banyalbufar,Illes Balears,16.8 (13:20),10.1 (23:10),13.4,25 (02:30),14 (02:30),0,0,0,0,0
Andratx,Illes Balears,17.3 (13:40),5.6 (00:10),11.4,13 (12:50),5 (12:50),0,0,0,0,0
"Calvià, Es Capdellà",Illes Balears,18.2 (15:00),3.6 (08:20),10.9,19 (14:30),13 (13:40),0,0,0,0,0
"Palma, Puerto",Illes Balears,17.7 (15:40),6.5 (07:40),12.1,20 (14:40),12 (14:20),0,0,0,0,0
"Palma, Universitat",Illes Balears,19.1 (15:20),0.7 (08:30),9.9,14 (23:20),8 (23:20),0,0,0,0,0
"Sierra de Alfabia, Bunyola",Illes Balears,13.1 (13:00),5.6 (02:10),9.4,44 (23:59),39 (23:59),0,0,0,0,0
"Palma de Mallorca, Aeropuerto",Illes Balears,17.2 (12:30),0.9 (08:20),9.1,28 (16:00),21 (16:10),0,0,0,0,0
"Llucmajor, Cap Blanc",Illes Balears,19.0 (11:10),10.9 (03:00),14.9,31 (01:00),18 (01:10),0,0,0,0,0
Llucmajor,Illes Balears,17.8 (14:10),5.3 (08:00),11.5,,,0,0,0,0,0
Porreres,Illes Balears,19.5 (12:50),3.1 (07:30),11.3,18 (16:00),11 (14:30),0,0,0,0,0
"Campos, Can Sion",Illes Balears,18.4 (13:30),0.2 (08:10),9.3,19 (16:20),13 (16:10),0,0,0,0,0
"Campos, Salines Llevant",Illes Balears,17.4 (15:00),0.5 (07:50),8.9,20 (16:40),14 (15:20),0,0,0,0,0
Santanyí,Illes Balears,17.9 (14:10),8.3 (06:00),13.1,21 (14:50),12 (14:50),0,0,0,0,0
Portocolom,Illes Balears,19.0 (14:40),6.9 (08:40),13,29 (23:30),15 (13:30),0,0,0,0,0
Son Servera,Illes Balears,20.7 (11:30),6.0 (00:00),13.4,16 (01:20),12 (01:20),0,0,0,0,0
Artà,Illes Balears,19.3 (13:50),4.6 (06:40),11.9,,,0,0,0,0,0
Capdepera,Illes Balears,18.9 (12:10),12.5 (22:30),15.7,30 (03:40),22 (03:40),0,0,0,0,0
Artà-Colònia de Sant Pere,Illes Balears,16.8 (13:00),9.9 (09:20),13.3,,,0,0,0,0,0
"Muro, S'Albufera",Illes Balears,18.0 (13:20),2.3 (07:00),10.1,,,0,0,0,0,0
Manacor,Illes Balears,18.9 (14:20),3.1 (07:50),11,23 (23:00),16 (22:50),0,0,0,0,0
Sineu,Illes Balears,18.6 (14:20),2.5 (08:10),10.6,14 (15:30),9 (15:30),0,0,0,0,0
Santa María del Camí,Illes Balears,18.2 (12:50),2.6 (08:10),10.4,19 (14:10),13 (16:10),0,0,0,0,0
Binissalem,Illes Balears,18.3 (14:10),1.6 (08:10),9.9,21 (15:50),15 (15:40),0,0,0,0,0
"Escorca, Son Torrella",Illes Balears,11.8 (14:10),-0.2 (08:10),5.8,,,0,0,0,0,0
Sa Pobla,Illes Balears,19.5 (14:30),2.2 (06:30),10.9,14 (16:40),10 (08:00),0,0,0,0,0
Pollença,Illes Balears,22.7 (12:30),3.4 (08:20),13.1,14 (00:20),5 (00:10),0,0,0,0,0
Port de Pollença,Illes Balears,20.2 (14:40),4.8 (08:30),12.5,19 (00:10),5 (16:20),0,0,0,0,0
"La Mola, Maó/Mahón",Illes Balears,15.6 (12:40),9.7 (22:20),12.7,,,0,0,0,0,0
Es Mercadal,Illes Balears,14.7 (13:10),9.1 (22:20),11.9,24 (05:10),15 (05:10),0,0,0,0,0
Ciutadella,Illes Balears,16.4 (13:10),7.0 (23:10),11.7,,,0,0,0,0,0
"Ciutadella, Cala Galdana",Illes Balears,16.2 (13:30),4.0 (23:50),10.1,21 (12:20),10 (12:00),0,0,0,0,0
"Menorca, Aeropuerto",Illes Balears,17.2 (13:30),7.2 (21:00),12.2,26 (12:10),,0,0,0,0,0
Sant Joan de Labritja,Illes Balears,18.7 (13:10),1.1 (06:30),9.9,,,0,0,0,0,0
Sant Antoni de Portmany,Illes Balears,18.0 (12:30),4.0 (05:20),11,22 (12:40),10 (12:00),0,0,0,0,0
"Ibiza, Aeropuerto",Illes Balears,16.7 (12:10),4.5 (07:40),10.6,28 (13:50),21 (13:20),0,0,0,0,0
Eivissa,Illes Balears,18.7 (13:40),3.9 (06:00),11.3,24 (14:10),13 (13:10),0,0,0,0,0
Formentera,Illes Balears,17.9 (12:40),7.7 (05:40),12.8,26 (12:40),16 (14:10),0,0,0,0,0
Cazorla,Jaén,,,,,,,,,,
Baeza,Jaén,19.1 (13:30),3.5 (23:59),11.3,18 (05:50),10 (03:50),0,0,0,0,0
Torres,Jaén,16.3 (14:50),6.7 (08:30),11.5,,,0,0,0,0,0
Arroyo del Ojanco,Jaén,19.1 (15:10),0.9 (07:20),10,,,0,0,0,0,0
Villarrodrigo,Jaén,17.6 (15:30),6.2 (06:00),11.9,19 (22:30),14 (07:40),,,,,
Villanueva del Arzobispo,Jaén,17.3 (14:30),0.6 (08:30),8.9,12 (23:20),8 (20:50),0,0,0,0,0
Santa Elena,Jaén,14.6 (15:00),6.8 (06:50),10.7,15 (15:00),8 (18:10),0,0,0,0,0
Jaén,Jaén,16.1 (15:00),6.2 (08:50),11.2,17 (01:40),12 (00:30),0,0,0,0,0
Linares,Jaén,15.2 (14:20),4.7 (08:10),9.9,13 (03:30),7 (03:30),0,0,0,0,0
Bailén,Jaén,16.7 (15:50),1.4 (09:00),9.1,8 (11:00),4 (11:00),0,0,0,0,0
Andújar,Jaén,18.6 (16:40),-2.3 (08:50),8.2,16 (12:00),9 (11:30),0,0,0,0,0
Alcalá La Real,Jaén,16.7 (13:40),4.5 (09:10),10.6,19 (02:20),11 (07:40),0,0,0,0,0
"Valdezcaray, estación de esquí",La Rioja,9.0 (13:30),0.7 (22:30),4.8,30 (00:10),23 (00:20),0,0,0,0,0
Haro,La Rioja,13.7 (16:30),0.2 (09:00),6.9,,,0,0,0,0,0
Anguiano,La Rioja,9.5 (14:00),-0.8 (09:00),4.3,,,0,0,0,0,0
Nájera,La Rioja,15.4 (15:30),2.9 (23:50),9.1,21 (22:10),9 (07:40),0,0,0,0,0
Cenicero,La Rioja,13.2 (15:50),2.8 (08:30),8,34 (21:50),18 (22:00),0,0,0,0,0
Logroño Aeropuerto,La Rioja,15.9 (15:20),4.4 (09:00),10.1,33 (13:20),18 (14:00),0,0,0,0,0
Enciso,La Rioja,14.7 (13:10),0.8 (23:40),7.7,28 (14:30),18 (13:40),0,0,0,0,0
Alfaro,La Rioja,16.0 (15:10),-3.9 (08:10),6,36 (23:00),22 (23:20),0,0,0,0,0
Tías,Las Palmas,17.4 (11:30),12.5 (07:40),14.9,53 (00:30),35 (00:20),0,0,0,0,0
Yaiza Playa Blanca,Las Palmas,19.9 (17:10),18.2 (19:30),19.1,47 (08:40),32 (03:50),0,0,0,0,0
Lanzarote Aeropuerto,Las Palmas,20.4 (11:40),13.4 (22:40),16.9,50 (00:10),36 (02:10),0,0,0,0,0
Haría,Las Palmas,18.7 (12:20),11.3 (20:50),15,52 (00:20),39 (00:10),0,0,0,0,0
Tinajo,Las Palmas,18.2 (12:00),13.1 (23:50),15.7,53 (03:40),37 (05:00),0,0,0,0,0
Pájara,Las Palmas,22.1 (17:40),18.1 (05:40),20.1,46 (07:20),27 (10:10),0,0,0,0,0
"Tuineje,Puerto Gran Tarajal",Las Palmas,21.2 (18:00),16.7 (23:10),19,42 (00:30),22 (02:50),0,0,0,0,0
Antigua,Las Palmas,20.8 (14:00),12.0 (08:00),16.4,30 (13:30),19 (10:40),0,0,0,0,0
Fuerteventura Aeropuerto,Las Palmas,20.3 (12:00),15.1 (23:40),17.7,50 (00:20),37 (00:20),0,0,0,0,0
La Oliva,Las Palmas,19.7 (13:30),14.1 (23:50),16.9,44 (10:50),31 (02:20),0,0,0,0,0
"La Oliva, Puerto de Corralejo",Las Palmas,19.6 (00:00),17.6 (23:50),18.6,49 (11:00),38 (02:30),0,0,0,0,0
Vega de San Mateo,Las Palmas,14.5 (15:50),6.5 (07:50),10.5,48 (03:10),28 (02:30),0,0,0,0,0
"Tejeda, Cruz de Tejeda",Las Palmas,17.4 (15:50),7.9 (20:30),12.6,38 (03:10),19 (23:40),0,0,0,0,0
Tejeda,Las Palmas,20.3 (14:00),11.5 (00:10),15.9,49 (04:30),29 (07:40),0,0,0,0,0
Agaete,Las Palmas,24.1 (10:10),17.6 (04:10),20.9,22 (05:10),13 (08:20),0,0,0,0,0
La Aldea de San Nicolás,Las Palmas,25.6 (11:20),8.6 (07:40),17.1,35 (10:50),20 (10:50),0,0,0,0,0
"San Bartolome Tirajana, Cuevas del Pinar",Las Palmas,15.3 (13:50),9.4 (06:10),12.3,28 (22:10),13 (21:30),0,0,0,0,0
"San Bartolome Tirajana, Lomo Pedro Alfonso",Las Palmas,19.8 (14:10),12.2 (08:00),16,36 (23:00),28 (23:00),0,0,0,0,0
"La Aldea de San Nicolás, Tasarte",Las Palmas,25.2 (15:40),14.9 (00:50),20.1,39 (13:50),22 (16:10),0,0,0,0,0
"Mogán, Puerto Rico",Las Palmas,22.9 (16:30),19.1 (20:20),21,40 (06:10),27 (15:50),0,0,0,0,0
"San Bartolome Tirajana, Las Tirajanas",Las Palmas,18.9 (13:00),8.9 (08:10),13.9,18 (23:30),8 (06:00),0,0,0,0,0
"Maspalomas, C. Insular Turismo",Las Palmas,21.4 (12:30),16.9 (02:20),19.1,26 (16:30),13 (16:50),0,0,0,0,0
"San Bartolome Tirajana, El Matorral",Las Palmas,23.4 (13:10),13.3 (06:30),18.3,19 (20:50),14 (23:10),0,0,0,0,0
Agüimes,Las Palmas,22.3 (12:30),13.6 (03:40),17.9,28 (12:40),16 (14:10),0,0,0,0,0
"Telde, Centro Forestal Doramas",Las Palmas,22.0 (14:30),11.0 (03:40),16.5,35 (10:30),19 (15:20),0,0,0,0,0
Gran Canaria Aeropuerto,Las Palmas,22.5 (12:50),14.1 (00:20),18.3,30 (11:30),19 (11:50),0,0,0,0,0
"Telde, Melenara",Las Palmas,22.6 (13:40),11.9 (01:50),17.3,28 (12:10),12 (11:30),0,0,0,0,0
Teror,Las Palmas,22.4 (13:10),7.0 (07:40),14.7,35 (12:00),19 (12:10),0,0,0,0,0
"Las Palmas de Gran Canaria, Tafira",Las Palmas,21.4 (12:50),13.3 (01:40),17.3,41 (11:00),21 (11:20),0,0,0,0,0
"Las Palmas de Gran Canaria, San Cristobal",Las Palmas,22.7 (13:30),15.7 (21:30),19.2,48 (12:10),37 (12:00),0,0,0,0,0
"Las Palmas de Gran Canaria, Pl. de la Feria",Las Palmas,22.4 (11:40),16.6 (02:00),19.5,31 (12:00),11 (12:30),0,0,0,0,0
Valleseco,Las Palmas,20.2 (12:40),9.4 (03:30),14.8,46 (23:50),33 (23:59),0,0,0,0,0
Agaete - Suerte Alta,Las Palmas,21.6 (16:10),15.8 (00:10),18.7,22 (09:30),15 (09:00),0,0,0,0,0
Arucas,Las Palmas,24.5 (13:10),12.5 (00:50),18.5,45 (11:00),23 (11:00),0,0,0,0,0
Maspalomas,Las Palmas,22.0 (13:40),16.3 (02:00),19.1,40 (23:30),24 (17:10),0,0,0,0,0
Teguise,Las Palmas,21.1 (13:50),16.5 (19:50),18.8,67 (04:30),49 (05:40),0,0,0,0,0
"Posada de Valdeón, Soto",León,9.9 (15:00),-2.4 (23:20),3.7,,,0,0,0,0,0
Villablino,León,14.1 (15:20),-5.3 (08:50),4.4,8 (22:20),5 (22:50),0,0,0,0,0
Ponferrada,León,12.0 (17:00),-2.7 (09:00),4.6,9 (12:40),6 (12:40),0,0,0,0,0
Vega de Espinareda,León,14.9 (16:00),-1.2 (08:50),6.8,,,0,0,0,0,0
Riaño,León,,,,,,,,,,
Cubillas de Rueda,León,14.7 (15:30),-3.0 (08:30),5.8,19 (15:50),12 (16:00),0,0,0,0,0
Puerto de San Isidro,León,9.6 (14:10),-1.2 (03:20),4.2,26 (15:30),20 (12:20),0,0,0,0,0
"León, Virgen del Camino",León,15.2 (15:00),1.0 (23:50),8.1,21 (08:20),16 (17:00),0,0,0,0,0
Valencia de Don Juan,León,14.1 (16:10),-1.2 (09:10),6.5,16 (23:50),13 (23:59),0,0,0,0,0
"Barrios de Luna, Miñera",León,17.9 (15:30),-1.8 (05:30),8,22 (16:10),15 (07:10),0,0,0,0,0
"Quintana del Castillo, Villameca",León,,,,,,,0,,0,0
Astorga,León,,,,15 (06:50),12 (21:10),0,0,0,0,0
Lagunas de Somoza,León,15.6 (16:00),0.6 (22:30),8.1,15 (06:10),13 (06:50),0,0,0,0,0
Bustillo del Páramo,León,14.7 (15:40),-1.0 (08:50),6.8,16 (04:20),11 (04:20),0,0,0,0,0
Martinet,Lleida,14.3 (14:40),-4.0 (08:50),5.2,19 (06:10),13 (06:10),0,0,0,0,0
La Seu d'Urgell,Lleida,14.0 (15:20),-4.2 (08:00),4.9,,,0,0,0,0,0
Tuixent,Lleida,13.6 (14:20),0.4 (09:50),7,10 (01:10),6 (13:10),0,0,0,0,0
Coll de Nargó,Lleida,13.0 (13:30),-1.1 (08:20),5.9,36 (17:00),29 (17:00),0,0,0,0,0
Torà,Lleida,8.2 (13:50),-4.2 (08:50),2,,,0,0,0,0,0
Artesa de Segre,Lleida,2.2 (16:10),-2.1 (09:10),0.1,,,0.4,0.2,0,0.2,0
Esterri d'Àneu,Lleida,14.3 (14:50),-2.8 (09:10),5.8,19 (00:10),10 (00:10),0,0,0,0,0
Torre de Cabdella,Lleida,15.1 (13:40),1.9 (07:10),8.5,,,0,0,0,0,0
Talarn,Lleida,12.7 (15:30),2.4 (08:20),7.5,10 (13:20),7 (07:20),0,0,0,0,0
Llimiana,Lleida,,,,,,,,,,
Granyanella,Lleida,2.7 (15:10),-4.1 (08:50),-0.7,,,0,0,0,0,0
Tàrrega,Lleida,1.6 (16:40),-3.2 (07:10),-0.8,10 (13:30),4 (00:20),0,0,0,0,0
Os de Balaguer,Lleida,2.4 (15:20),-4.0 (08:00),-0.8,16 (00:40),10 (00:40),0,0,0,0,0
Mollerussa,Lleida,1.7 (15:10),0.1 (23:50),0.9,9 (12:30),5 (15:40),0,0,0,0,0
Vall de Boí,Lleida,14.9 (14:40),-3.9 (08:30),5.5,13 (00:40),6 (00:40),0,0,0,0,0
Lleida,Lleida,2.8 (15:10),1.5 (09:30),2.1,11 (09:20),7 (09:20),0,0,0,0,0
La Pobla de Cérvoles,Lleida,12.7 (13:10),1.2 (06:30),6.9,,,0,0,0,0,0
El Soleràs,Lleida,2.3 (14:20),-3.4 (08:20),-0.6,,,0.2,0,0.2,0,0
"Naut Aran, Arties",Lleida,8.4 (14:50),-2.2 (23:59),3.1,16 (01:20),8 (01:10),0,0,0,0,0
Bossòst,Lleida,12.4 (14:40),-3.4 (23:50),4.5,22 (06:10),15 (04:10),0,0,0,0,0
Cervantes,Lugo,15.5 (10:40),5.5 (23:00),10.5,26 (04:00),11 (03:50),0,0,0,0,0
Ribadeo,Lugo,11.3 (15:00),3.0 (09:10),7.2,18 (22:40),12 (02:10),0,0,0,0,0
Mondoñedo,Lugo,9.5 (15:00),-1.4 (09:00),4.1,,,0,0,0,0,0
Burela,Lugo,10.8 (20:30),7.2 (05:50),9,,,0,0,0,0,0
Lugo Aeropuerto,Lugo,12.1 (16:40),-3.7 (09:00),4.2,23 (23:20),10 (23:30),0,0,0,0,0
Lugo,Lugo,10.6 (17:00),-2.5 (09:10),4.1,16 (21:40),6 (21:40),0,0,0,0,0
O Páramo,Lugo,12.1 (15:30),-4.1 (08:40),4,,,0,0,0,0,0
Becerreá,Lugo,12.7 (00:20),3.5 (23:59),8.1,21 (01:10),14 (01:30),0,0,0,0,0
O Saviñao,Lugo,17.3 (17:40),2.1 (23:59),9.7,,14 (23:50),0,0,0,0,0
Folgoso do Courel,Lugo,15.3 (15:10),1.5 (23:50),8.4,,,0,0,0,0,0
Monforte de Lemos,Lugo,12.2 (16:50),-2.0 (08:10),5.1,6 (14:30),3 (14:30),,,,,
Puerto de Navacerrada,Madrid,11.3 (13:40),2.1 (23:59),6.7,24 (23:30),20 (23:40),0,0,0,0,0
Aranjuez,Madrid,14.4 (16:50),-4.8 (08:40),4.8,19 (11:00),14 (11:10),0,0,0,0,0
Rascafría,Madrid,17.2 (15:00),-4.1 (08:20),6.6,11 (15:10),5 (15:10),0,0,0,0,0
Buitrago del Lozoya,Madrid,13.7 (15:00),-5.4 (08:10),4.1,16 (22:20),10 (22:20),0,0,0,0,0
Somosierra,Madrid,,,,,,,,,,
"Madrid, El Goloso",Madrid,12.9 (16:20),-3.5 (08:20),4.7,9 (11:40),5 (11:40),0,0,0,0,0
Madrid Aeropuerto,Madrid,,,,13 (13:00),9 (23:30),0,0,0,0,0
Alcala de Henares,Madrid,14.7 (16:40),-4.1 (09:10),5.3,12 (01:10),9 (01:10),0,0,0,0,0
Arganda del Rey,Madrid,13.9 (16:00),-3.5 (08:40),5.2,11 (16:20),8 (16:20),0,0,0,0,0
Colmenar Viejo,Madrid,12.6 (12:20),4.6 (23:50),8.6,14 (15:10),8 (14:00),0,0,0,0,0
"Madrid, Ciudad Universitaria",Madrid,14.8 (15:50),-3.0 (09:10),5.9,13 (14:20),4 (14:00),0,0,0,0,0
Pozuelo de Alarcón,Madrid,15.7 (16:20),-4.4 (07:50),5.6,,,0,0,0,0,0
"Madrid, Retiro",Madrid,11.7 (16:10),1.1 (08:30),6.4,19 (01:00),11 (01:00),0,0,0,0,0
Tielmes,Madrid,13.6 (15:30),-3.7 (09:00),5,,,0,0,0,0,0
Puerto Alto del León,Madrid,9.2 (14:00),-0.3 (23:10),4.4,,,0,0,0,0,0
Alpedrete,Madrid,17.0 (14:40),0.5 (08:20),8.8,21 (20:10),11 (19:10),0,0,0,0,0
Torrelodones,Madrid,14.6 (15:50),0.3 (08:50),7.5,28 (20:50),14 (21:00),0,0,0,0,0
Rozas de Puerto Real,Madrid,,,,,,,,,,
Valdemorillo,Madrid,14.3 (15:40),1.1 (08:50),7.7,13 (08:30),10 (08:30),0,0,0,0,0
Villanueva de la Cañada,Madrid,15.2 (15:30),-0.3 (06:40),7.4,16 (22:40),12 (00:40),0,0,0,0,0
Ronda Instituto,Málaga,18.9 (14:30),8.1 (23:59),13.5,29 (01:30),13 (01:30),0,0,0,0,0
Cortes de la Frontera,Málaga,16.8 (15:20),4.5 (08:30),10.6,13 (13:30),5 (12:50),0,0,0,0,0
Alpandeire,Málaga,19.2 (14:40),7.4 (00:30),13.3,28 (05:10),16 (01:50),0,0,0,0,0
Gaucín,Málaga,16.8 (15:40),8.8 (23:59),12.8,16 (02:40),13 (23:59),0,0,0,0,0
Manilva,Málaga,18.3 (16:20),10.6 (09:00),14.4,22 (23:10),12 (01:00),0,0,0,0,0
Estepona,Málaga,19.2 (14:10),9.7 (23:59),14.5,18 (01:10),11 (11:20),0,0,0,0,0
Benahavís,Málaga,19.4 (15:10),7.3 (00:00),13.3,13 (01:30),8 (15:20),0,0,0,0,0
"Marbella, Puerto",Málaga,,,,18 (00:30),12 (08:20),0,0,0,0,0
Marbella,Málaga,19.5 (12:10),10.5 (08:30),15,19 (02:10),12 (22:10),0,0,0,0,0
Fuengirola,Málaga,16.7 (16:40),9.9 (08:40),13.3,17 (09:00),11 (14:50),0,0,0,0,0
Torremolinos,Málaga,20.0 (14:40),9.2 (07:00),14.6,16 (18:20),10 (18:20),0,0,0,0,0
Antequera,Málaga,18.6 (16:10),1.1 (08:00),9.9,26 (01:20),13 (01:20),0,0,0,0,0
Álora,Málaga,21.8 (16:20),5.2 (08:50),13.5,14 (14:30),10 (14:30),0,0,0,0,0
Coín,Málaga,22.0 (15:40),6.4 (07:30),14.2,,,0,0,0,0,0
Málaga Aeropuerto,Málaga,19.8 (14:20),3.5 (09:00),11.6,30 (03:40),24 (03:40),0,0,0,0,0
"Málaga, Centro Meteorológico",Málaga,21.9 (15:00),6.1 (05:40),14,16 (03:50),11 (03:50),0,0,0,0,0
"Málaga, Puerto",Málaga,21.4 (13:40),9.3 (06:30),15.3,21 (05:40),14 (05:30),0,0,0,0,0
Rincón de la Victoria,Málaga,,,,,,,,,,
Vélez-Málaga,Málaga,24.0 (12:50),5.8 (06:50),14.9,,,0,0,0,0,0
Algarrobo,Málaga,19.6 (12:30),6.0 (07:20),12.8,18 (04:20),9 (04:20),0,0,0,0,0
Nerja,Málaga,18.8 (14:20),9.8 (04:50),14.3,17 (06:00),12 (06:00),0,0,0,0,0
Fuente de Piedra,Málaga,19.7 (16:30),0.6 (08:30),10.2,12 (00:40),8 (17:30),0,0,0,0,0
Melilla,Melilla,16.6 (15:00),8.6 (09:10),12.6,15 (15:40),10 (16:00),0,0,0,0,0
Águilas,Murcia,18.0 (15:20),6.3 (08:40),12.2,15 (14:30),9 (22:40),0,0,0,0,0
Mazarrón,Murcia,18.6 (12:50),7.5 (07:30),13.1,16 (01:30),13 (01:30),0,0,0,0,0
Cartagena,Murcia,17.2 (13:10),3.6 (06:10),10.4,21 (13:40),12 (16:00),0,0,0,0,0
Fuente Álamo de Murcia,Murcia,19.1 (14:10),4.2 (07:10),11.7,,,0,0,0,0,0
Torre-Pacheco,Murcia,19.6 (14:10),3.7 (06:40),11.7,15 (05:10),10 (05:10),0,0,0,0,0
San Javier Aeropuerto,Murcia,18.8 (13:50),2.9 (07:20),10.8,22 (12:00),17 (14:20),0,0,0,0,0
Moratalla,Murcia,15.8 (16:20),5.3 (06:50),10.6,,,0,0,0,0,0
Caravaca de La Cruz,Murcia,17.1 (13:10),1.5 (07:30),9.3,28 (08:20),20 (08:10),0,0,0,0,0
Calasparra,Murcia,18.7 (15:20),-0.3 (08:20),9.2,11 (21:40),9 (03:40),0,0,0,0,0
Bullas,Murcia,,,,,,,0,0,0,
Jumilla,Murcia,19.2 (16:00),-3.8 (07:30),7.7,17 (14:30),10 (14:30),0,0,0,0,0
Cieza,Murcia,18.4 (16:00),-0.6 (06:20),8.9,21 (10:00),17 (10:40),0,0,0,0,0
Archena,Murcia,20.7 (16:50),5.1 (08:00),12.9,,,0,0,0,0,0
Mula,Murcia,19.9 (14:50),3.6 (03:30),11.7,24 (07:10),17 (07:10),0,0,0,0,0
Murcia,Murcia,20.6 (15:40),-0.1 (08:30),10.3,14 (17:40),9 (11:00),0,0,0,0,0
"Caravaca de La Cruz, Los Royos",Murcia,18.4 (15:20),2.7 (00:10),10.5,,,0,0,0,0,0
"Lorca, Zarcilla de Ramos",Murcia,20.0 (15:20),0.1 (06:10),10.1,17 (21:00),12 (21:00),0,0,0,0,0
Lorca,Murcia,19.2 (14:50),-0.6 (08:40),9.3,19 (15:20),9 (14:30),0,0,0,0,0
Puerto Lumbreras,Murcia,19.7 (14:10),7.1 (04:00),13.4,,,0,0,0,0,0
Totana,Murcia,19.3 (15:40),1.8 (08:40),10.5,15 (00:40),9 (00:40),0,0,0,0,0
Alhama de Murcia,Murcia,19.0 (15:20),-0.3 (08:30),9.3,19 (15:20),13 (21:10),0,0,0,0,0
Molina de Segura,Murcia,18.6 (16:00),4.0 (01:40),11.3,31 (11:20),18 (11:30),0,0,0,0,0
Abanilla,Murcia,19.2 (15:40),0.0 (08:10),9.6,,,0,0,0,0,0
Yecla,Murcia,19.3 (15:20),-2.6 (05:50),8.3,35 (19:40),20 (19:40),0,0,0,0,0
"Baztan, Irurita",Navarra,4.5 (17:10),-1.4 (08:40),1.6,9 (22:30),4 (16:20),0,0,0,0,0
Bera,Navarra,6.2 (16:00),1.8 (06:30),4,10 (16:30),4 (16:30),0.2,0,0,0,0.2
Areso,Navarra,5.5 (13:30),-0.5 (09:40),2.5,15 (23:00),5 (13:50),0,0,0,0,0
Los Arcos,Navarra,17.5 (15:00),3.4 (23:00),10.5,27 (21:50),15 (07:00),0,0,0,0,0
Isaba/Izaba,Navarra,14.0 (15:00),-1.4 (09:50),6.3,36 (16:40),21 (16:40),0,0,0,0,0
Oroz-Betelu/Orotz-Betelu,Navarra,13.7 (14:40),5.5 (00:30),9.6,55 (21:20),37 (21:20),0,0,0,0,0
Roncesvalles,Navarra,7.3 (01:50),-1.4 (23:50),3,41 (15:10),25 (12:30),0,0,0,0,0
Navascués/Nabaskoze,Navarra,10.9 (15:40),-6.1 (08:50),2.4,,,0,0,0,0,0
Cáseda,Navarra,11.2 (15:30),-2.3 (09:10),4.4,21 (22:50),12 (22:50),0,0,0,0,0
Olite/Erriberri,Navarra,13.8 (14:50),-1.8 (06:00),6,42 (21:40),27 (21:50),0,0,0,0,0
"Esteribar, Eugui",Navarra,11.9 (12:50),1.4 (23:20),6.6,,,0,0,0,0,0
Monreal/Elo,Navarra,11.6 (15:20),2.3 (22:20),7,48 (23:30),35 (23:30),0,0,0,0,0
Pamplona Aeropuerto,Navarra,12.9 (14:20),2.9 (07:40),7.9,46 (20:50),34 (20:50),0,0,0,0,0
"Aranguren, Ilundain",Navarra,12.9 (14:40),1.5 (09:20),7.2,35 (13:30),12 (14:50),0,0,0,0,0
Irurtzun,Navarra,12.5 (14:20),0.6 (03:00),6.6,41 (23:40),21 (23:59),0,0,0,0,0
Larraga,Navarra,14.4 (14:00),4.0 (05:50),9.2,38 (23:20),26 (23:20),0,0,0,0,0
"Bardenas Reales, Base Aérea",Navarra,15.1 (16:10),-3.3 (08:10),5.9,41 (23:50),26 (22:30),0,0,0,0,0
Monteagudo,Navarra,15.0 (16:10),0.2 (23:59),7.6,,,0,0,0,0,0
Tudela,Navarra,8.1 (16:20),-3.3 (06:10),2.4,20 (23:50),8 (00:10),0,0,0,0,0
Luzaide/Valcarlos,Navarra,3.3 (13:30),-2.1 (09:10),0.6,19 (13:50),14 (13:50),0,0,0,0,0
O Barco de Valdeorras,Ourense,8.1 (17:00),-2.1 (09:40),3,,,0,0,0,0,0
A Pobra de Trives,Ourense,13.9 (15:10),0.4 (07:40),7.1,18 (05:00),13 (05:00),0,0,0,0,0
Chandrexa de Queixa,Ourense,15.9 (15:00),-0.3 (08:40),7.8,15 (16:10),8 (10:10),0,0,0,0,0
Ourense,Ourense,,,,,,,,,,
Beariz,Ourense,18.1 (16:10),-3.4 (09:10),7.4,,,0,0,0,0,0
"Carballiño, O",Ourense,13.7 (15:40),-2.0 (08:40),5.8,4 (23:40),0 (00:10),0,0,0,0,0
Ribadavia,Ourense,8.4 (16:40),-0.3 (07:40),4,,,0,0,0,0,0
Allariz,Ourense,16.4 (16:40),-2.8 (09:50),6.8,,,0,0,0,0,0
Xinzo de Limia,Ourense,17.7 (16:20),-6.1 (07:50),5.8,12 (16:20),7 (16:30),0,0,0,0,0
Muiños,Ourense,17.2 (13:20),2.3 (23:30),9.8,,,0,0,0,0,0
A Gudiña,Ourense,15.6 (15:30),5.0 (07:40),10.3,,,,,,,
Verín,Ourense,13.2 (15:30),-4.6 (09:40),4.3,,,0,0,0,0,0
Cervera de Pisuerga,Palencia,15.9 (14:30),3.0 (23:20),9.4,25 (03:50),16 (00:50),0,0,0,0,0
Aguilar de Campoo,Palencia,14.8 (15:30),-4.2 (07:50),5.3,26 (17:50),14 (17:50),0,0,0,0,0
Villaeles de Valdavia,Palencia,16.0 (16:10),-2.1 (08:20),7,18 (03:50),11 (04:00),0,0,0,0,0
"Velilla del Río Carrión, Camporredondo de Alba",Palencia,14.4 (14:50),4.3 (23:30),9.3,14 (00:10),9 (17:50),0,0,0,0,0
Carrión de los Condes,Palencia,15.8 (16:10),-2.1 (08:30),6.9,30 (01:00),15 (01:10),0,0,0,0,0
Autilla del Pino,Palencia,12.1 (16:10),-0.6 (08:00),5.8,24 (01:40),21 (01:50),0,0,0,0,0
Palencia,Palencia,12.7 (16:00),-4.5 (09:00),4.1,15 (14:30),10 (14:30),0,0,0,0,0
"Santervás de la Vega, Villapún",Palencia,14.5 (15:50),-0.6 (07:20),6.9,23 (01:20),17 (03:40),0,0,0,0,0
Silleda,Pontevedra,15.8 (14:40),4.8 (23:40),10.3,23 (00:20),18 (00:20),0,0,0,0,0
A Estrada,Pontevedra,13.7 (15:30),0.5 (08:30),7.1,,,0,0,0,0,0
VilagarcÍa de Arousa,Pontevedra,15.4 (16:40),2.0 (09:20),8.7,8 (12:20),5 (12:30),0,0,0,0,0
Pontevedra,Pontevedra,14.8 (15:00),4.8 (09:30),9.8,24 (21:40),17 (21:40),0,0,0,0,0
A Lama,Pontevedra,16.7 (14:50),-0.5 (07:20),8.1,15 (13:50),8 (13:50),0,0,0,0,0
Vigo Aeropuerto,Pontevedra,15.3 (15:40),3.9 (08:10),9.6,26 (17:50),14 (07:50),0,0,0,0,0
Vigo,Pontevedra,15.7 (14:00),7.0 (09:10),11.3,13 (16:20),5 (15:00),0,0,0,0,0
A Cañiza,Pontevedra,17.0 (15:50),5.3 (07:50),11.2,,,0,0,0,0,0
"Ponteareas, Canedo",Pontevedra,14.9 (16:10),-1.6 (08:50),6.6,,,0,0,0,0,0
O Rosal,Pontevedra,14.4 (16:20),-0.1 (08:20),7.1,,,0,0,0,0,0
"La Covatilla, estación de esquí",Salamanca,11.2 (15:20),1.9 (08:00),6.5,22 (09:40),19 (09:20),0,0,0,0,0
Pedrosillo de Los Aires,Salamanca,12.3 (15:40),-5.9 (08:20),3.2,18 (17:10),13 (16:30),0,0,0,0,0
Pedraza de Alba,Salamanca,10.8 (15:20),-4.6 (07:50),3.1,9 (15:20),5 (12:10),0,0,0,0,0
Salamanca Aeropuerto,Salamanca,12.3 (14:50),-5.4 (08:00),3.5,,,0,0,0,0,0
Salamanca,Salamanca,13.7 (15:00),-2.1 (08:00),5.8,17 (15:50),8 (15:20),0,0,0,0,0
Barbadillo,Salamanca,12.1 (16:10),-4.3 (08:10),3.9,14 (15:20),11 (15:40),0,0,0,0,0
Ledesma,Salamanca,12.8 (15:50),-4.6 (08:20),4.1,23 (15:00),14 (14:40),0,0,0,0,0
Villarino de los Aires,Salamanca,15.9 (17:10),-0.9 (09:10),7.5,9 (10:20),6 (10:20),0,0,0,0,0
Boadilla Fuente San Esteban,Salamanca,12.2 (15:30),-3.6 (08:50),4.3,13 (16:10),10 (16:10),0,0,0,0,0
Vitigudino,Salamanca,14.8 (16:20),-1.0 (05:00),6.9,19 (14:40),13 (14:40),0,0,0,0,0
El Maíllo,Salamanca,12.2 (11:40),0.8 (23:10),6.5,25 (02:00),22 (02:00),0,0,0,0,0
Bañobárez,Salamanca,12.8 (16:20),-2.3 (06:10),5.3,13 (14:20),8 (17:20),0,0,0,0,0
Navasfrías,Salamanca,14.4 (15:30),-5.3 (07:40),4.5,15 (13:50),7 (13:40),0,0,0,0,0
El Bodón Base Aérea,Salamanca,10.9 (16:50),-3.5 (09:00),3.7,19 (02:40),15 (02:40),0,0,0,0,0
Saelices El Chico,Salamanca,13.7 (16:40),-4.4 (08:50),4.6,16 (18:20),11 (18:20),0,0,0,0,0
Fresno de Cantespino,Segovia,11.8 (15:40),-6.0 (09:00),2.9,26 (13:20),19 (13:00),0,0,0,0,0
Aldeanueva de Serrezuela,Segovia,10.1 (13:10),2.9 (23:59),6.5,19 (13:20),12 (12:40),0,0,0,0,0
"La Pinilla, estación de esquí",Segovia,10.3 (14:10),0.7 (23:30),5.5,19 (20:50),14 (20:40),0,0,0,0,0
Pedraza,Segovia,12.0 (15:10),-0.1 (08:20),5.9,15 (15:20),12 (00:10),0,0,0,0,0
Cuéllar,Segovia,13.8 (16:50),-8.2 (08:10),2.8,13 (13:40),7 (16:30),0,0,0,0,0
Segovia,Segovia,11.5 (15:20),0.8 (23:50),6.2,14 (14:40),11 (14:40),0,0,0,0,0
San Rafael,Segovia,12.1 (13:20),-2.4 (23:59),4.9,,,0,0,0,0,0
Miguelañez,Segovia,10.9 (16:30),-2.1 (08:10),4.4,18 (22:30),16 (22:30),0,0,0,0,0
La Roda de Andalucía,Sevilla,20.7 (15:30),2.4 (09:20),11.6,18 (12:00),12 (12:00),0,0,0,0,0
Lora de Estepa,Sevilla,18.5 (13:40),5.9 (23:00),12.2,,,0,0,0,0,0
Écija,Sevilla,19.5 (16:20),0.4 (08:10),10,15 (12:20),11 (17:50),0,0,0,0,0
La Puebla de los Infantes,Sevilla,18.9 (15:40),-2.5 (08:40),8.2,16 (14:10),11 (13:40),0,0,0,0,0
Fuentes de Andalucía,Sevilla,18.3 (16:00),3.9 (09:10),11.1,18 (11:30),14 (01:30),0,0,0,0,0
Carmona,Sevilla,17.7 (15:40),3.3 (08:30),10.5,29 (12:00),19 (12:00),0,0,0,0,0
Cazalla de la Sierra,Sevilla,19.6 (13:40),0.5 (08:30),10.1,12 (07:10),8 (05:40),0,0,0,0,0
Guadalcanal,Sevilla,,,,,,,,,,
Almadén de la Plata,Sevilla,18.2 (14:40),6.7 (06:50),12.5,13 (13:50),7 (13:30),0,0,0,0,0
Sevilla Aeropuerto,Sevilla,17.8 (17:10),3.1 (08:10),10.4,26 (11:10),18 (11:00),0,0,0,0,0
"Sevilla, Tablada",Sevilla,,,,,,,0,0,,
Morón de la Frontera,Sevilla,17.4 (17:10),2.1 (08:00),9.7,10 (22:10),8 (22:00),0,0,0,0,0
Carrión de los Céspedes,Sevilla,18.3 (16:30),1.0 (08:10),9.6,20 (14:30),13 (15:00),0,0,0,0,0
Las Cabezas de San Juan,Sevilla,18.3 (16:10),4.1 (08:40),11.2,9 (15:50),6 (11:50),0,0,0,0,0
Osuna,Sevilla,18.9 (16:40),9.0 (04:40),13.9,36 (00:50),22 (02:30),0,0,0,0,0
"Vinuesa, Quintanarejo",Soria,14.7 (14:20),0.0 (06:30),7.3,,,0,0,0,0,0
"La Póveda de Soria, Barriomartín",Soria,12.8 (13:30),4.1 (22:50),8.5,32 (02:20),20 (01:10),0,0,0,0,0
Soria,Soria,15.4 (15:00),0.2 (09:00),7.8,19 (14:40),12 (17:00),0,0,0,0,0
Lubia,Soria,13.9 (15:30),-1.6 (06:00),6.1,29 (22:10),18 (23:10),0,0,0,0,0
Morón de Almazán,Soria,12.9 (15:30),-7.5 (08:00),2.7,26 (14:40),19 (14:50),0,0,0,0,0
La Riba de Escalote,Soria,12.7 (14:50),-5.5 (08:40),3.6,19 (15:10),13 (14:50),0,0,0,0,0
Ucero,Soria,10.9 (15:20),-6.4 (09:00),2.2,,,0,0,0,0,0
Burgo de Osma,Soria,11.5 (15:20),-6.2 (08:50),2.7,23 (15:50),16 (15:40),0,0,0,0,0
Liceras,Soria,11.4 (13:50),0.6 (01:10),6,27 (13:10),21 (23:20),0,0,0,0,0
Ólvega,Soria,15.5 (11:30),-1.4 (23:40),7.1,17 (14:40),9 (15:00),0,0,0,0,0
San Pedro Manrique,Soria,13.6 (14:10),-1.5 (09:10),6.1,26 (03:20),17 (11:40),0,0,0,0,0
Arcos de Jalón,Soria,15.8 (16:10),1.0 (05:40),8.4,23 (02:00),15 (02:10),0,0,0,0,0
Almazul,Soria,13.6 (15:30),-1.2 (08:50),6.2,23 (04:20),20 (04:20),0,0,0,0,0
Puntagorda,Santa Cruz de Tenerife,20.4 (15:20),10.8 (02:00),15.6,42 (09:10),25 (09:40),0,0,0,0,0
Tijarafe,Santa Cruz de Tenerife,20.5 (15:50),12.8 (00:00),16.7,29 (07:30),11 (17:30),0,0,0,0,0
El Paso,Santa Cruz de Tenerife,20.4 (15:10),6.7 (00:20),13.5,30 (17:00),19 (17:00),0,0,0,0,0
Fuencaliente,Santa Cruz de Tenerife,23.9 (11:40),16.0 (05:40),19.9,40 (14:30),31 (14:30),0,0,0,0,0
Tazacorte,Santa Cruz de Tenerife,24.1 (12:10),15.7 (03:00),19.9,33 (15:30),16 (17:30),0,0,0,0,0
La Palma Aeropuerto,Santa Cruz de Tenerife,25.1 (13:50),15.5 (01:50),20.3,42 (13:20),30 (13:20),0,0,0,0,0
San Andrés y Sauces,Santa Cruz de Tenerife,21.9 (11:20),13.0 (06:10),17.4,42 (10:20),20 (23:00),0,0,0,0,0
"Vallehermoso, Alto Igualero",Santa Cruz de Tenerife,12.5 (15:00),7.2 (00:20),9.8,62 (09:00),50 (09:10),0,0,0,0,0
Arure,Santa Cruz de Tenerife,19.2 (14:10),11.8 (23:30),15.5,59 (09:30),39 (09:50),0,0,0,0,0
Agulo,Santa Cruz de Tenerife,20.7 (16:40),11.8 (03:00),16.3,58 (10:20),39 (10:20),0,0,0,0,0
"Vallehermoso, Dama",Santa Cruz de Tenerife,23.5 (12:40),14.5 (07:20),19,53 (13:00),28 (11:00),0,0,0,0,0
Hermigua,Santa Cruz de Tenerife,23.5 (15:20),10.2 (07:40),16.8,46 (11:40),18 (13:00),0,0,0,0,0
San Sebastián de la Gomera,Santa Cruz de Tenerife,21.6 (12:10),15.8 (01:20),18.7,32 (09:10),15 (09:20),0,0,0,0,0
"La Orotava, Cañadas Teide",Santa Cruz de Tenerife,14.5 (15:20),-2.7 (08:10),5.9,26 (14:40),16 (13:50),0,0,0,0,0
Adeje,Santa Cruz de Tenerife,24.0 (15:40),15.6 (23:59),19.8,42 (10:50),15 (02:10),0,0,0,0,0
Arico,Santa Cruz de Tenerife,22.8 (14:40),14.6 (02:00),18.7,31 (06:50),21 (02:40),0,0,0,0,0
Tenerife Sur Aeropuerto,Santa Cruz de Tenerife,23.3 (13:10),15.1 (07:00),19.2,32 (21:00),22 (23:20),0,0,0,0,0
Izaña,Santa Cruz de Tenerife,10.8 (12:40),0.3 (07:00),5.6,50 (06:00),41 (06:50),0,0,0,0,0
Candelaria,Santa Cruz de Tenerife,20.6 (15:30),12.7 (03:40),16.7,23 (01:40),17 (00:10),0,0,0,0,0
Güímar,Santa Cruz de Tenerife,22.6 (17:00),10.5 (05:50),16.6,,,0,0,0,0,0
"San Cristóbal de La Laguna,Llano de los Loros",Santa Cruz de Tenerife,18.6 (12:00),9.5 (02:30),14.1,49 (13:00),33 (23:00),0,0,0,0,0
Tenerife Norte Aeropuerto,Santa Cruz de Tenerife,19.5 (15:40),10.4 (08:00),14.9,41 (10:20),27 (11:00),,,,,
Sta.Cruz de Tenerife,Santa Cruz de Tenerife,24.2 (15:20),15.0 (07:00),19.6,31 (13:00),15 (08:00),0,0,0,0,0
Anaga,Santa Cruz de Tenerife,23.6 (15:20),13.1 (04:00),18.4,28 (11:50),14 (11:10),0,0,0,0,0
La Victoria de Acentejo,Santa Cruz de Tenerife,21.9 (12:50),9.9 (04:50),15.9,31 (23:50),18 (20:40),0,0,0,0,0
Tacoronte,Santa Cruz de Tenerife,23.2 (14:10),12.4 (06:20),17.8,44 (23:50),26 (23:30),0,0,0,0,0
Puerto de la Cruz,Santa Cruz de Tenerife,23.7 (16:20),15.2 (05:10),19.5,23 (06:40),12 (04:40),0,0,0,0,0
Los Silos,Santa Cruz de Tenerife,25.0 (15:20),12.0 (08:00),18.5,18 (03:00),14 (03:40),0,0,0,0,0
"El Pinar, Depósito",Santa Cruz de Tenerife,16.8 (12:20),6.2 (00:00),11.5,30 (11:40),13 (10:10),0,0,0,0,0
Valverde,Santa Cruz de Tenerife,16.0 (16:10),8.7 (00:10),12.3,41 (11:40),27 (23:50),0,0,0,0,0
Hierro Aeropuerto,Santa Cruz de Tenerife,23.6 (13:50),16.5 (06:30),20.1,41 (16:10),32 (12:50),0,0,0,0,0
"Frontera, Sabinosa",Santa Cruz de Tenerife,,,,,,,,,,
Vandellòs,Tarragona,16.4 (13:40),7.7 (23:00),12,31 (04:20),8 (14:00),0,0,0,0,0
Alforja,Tarragona,13.2 (11:10),7.1 (20:10),10.1,41 (23:50),28 (12:20),0,0,0,0,0
Reus Aeropuerto,Tarragona,18.0 (14:10),0.8 (08:10),9.4,28 (15:30),20 (14:40),0,0,0,0,0
Valls,Tarragona,17.1 (14:20),2.5 (07:20),9.8,,,0,0,0,0,0
Tarragona,Tarragona,17.3 (13:00),5.3 (08:40),11.3,,,0,0,0,0,0
Llorac,Tarragona,10.3 (13:50),-4.3 (08:30),3,20 (14:00),16 (14:20),0,0,0,0,0
Horta de Sant Joan,Tarragona,14.3 (14:40),3.3 (08:50),8.8,,,0,0,0,0,0
La Pobla de Massaluca,Tarragona,7.0 (16:30),-1.0 (03:20),3,14 (16:40),9 (16:40),0,0,0,0,0
Cabacés,Tarragona,12.6 (15:50),-0.5 (04:20),6.1,21 (14:20),9 (13:20),0,0,0,0,0
Rasquera,Tarragona,10.2 (15:40),-0.3 (08:20),4.9,22 (15:30),13 (15:30),0,0,0,0,0
Tortosa,Tarragona,17.8 (15:20),4.1 (06:50),10.9,28 (05:10),14 (05:20),0,0,0,0,0
Sant Jaume d'Enveja,Tarragona,13.7 (14:30),4.8 (07:40),9.3,24 (13:00),13 (15:00),0,0,0,0,0
Albarracín,Teruel,,,,,,,0,0,0,
Teruel,Teruel,14.6 (16:10),-5.3 (08:20),4.7,13 (17:10),7 (17:10),0,0,0,0,0
Jabaloyas,Teruel,12.6 (13:10),4.5 (21:00),8.6,28 (23:00),20 (22:10),0,0,0,0,0
Cedrillas,Teruel,14.7 (14:10),-3.7 (06:50),5.5,20 (14:20),14 (14:30),0,0,0,0,0
Mosqueruela,Teruel,13.7 (13:10),1.4 (20:30),7.5,23 (15:00),14 (14:30),0,0,0,0,0
Santa Eulalia del Campo,Teruel,13.0 (15:40),-5.8 (08:30),3.6,21 (20:00),13 (19:20),0,0,0,0,0
Calamocha,Teruel,13.9 (16:30),-5.2 (06:30),4.3,10 (11:40),6 (07:40),0,0,0,0,0
Fonfría,Teruel,12.2 (14:50),1.7 (23:59),6.9,18 (21:00),13 (09:10),0,0,0,0,0
Muniesa,Teruel,13.1 (13:20),2.2 (21:50),7.7,20 (15:00),12 (12:50),0,0,0,0,0
Montalbán,Teruel,14.3 (15:30),-1.9 (07:20),6.2,15 (15:50),5 (15:50),0,0,0,0,0
Hijar,Teruel,3.7 (14:00),-3.1 (06:50),0.3,12 (14:10),8 (14:10),0,0,0,0,0
Andorra,Teruel,12.6 (13:50),3.5 (08:30),8.1,25 (08:00),23 (08:10),0,0,0,0,0
Castellote,Teruel,14.1 (14:10),2.6 (07:40),8.4,23 (14:40),11 (14:40),0,0,0,0,0
Calanda,Teruel,13.7 (12:00),4.8 (06:20),9.3,29 (00:10),23 (00:10),0,0,0,0,0
Alcañiz,Teruel,10.5 (14:00),-3.7 (06:50),3.4,14 (11:40),10 (11:30),0,0,0,0,0
Valderrobres,Teruel,13.2 (13:50),-3.0 (08:20),5.1,19 (14:00),11 (13:40),0,0,0,0,0
Bello,Teruel,12.2 (16:30),-5.6 (08:40),3.3,18 (19:30),14 (19:30),0,0,0,0,0
Ocaña,Toledo,14.1 (15:10),-2.3 (06:40),5.9,14 (16:00),9 (16:10),0,0,0,0,0
Tembleque,Toledo,16.0 (16:40),-6.6 (08:50),4.7,,,0,0,0,0,0
Mora,Toledo,16.5 (13:50),-0.6 (07:10),7.9,19 (14:50),9 (14:50),0,0,0,0,0
Toledo,Toledo,15.7 (16:00),-1.9 (08:50),6.9,17 (16:40),12 (16:40),0,0,0,0,0
San Pablo de los Montes,Toledo,16.0 (14:20),6.1 (22:40),11,14 (14:40),9 (07:50),0,0,0,0,0
Navahermosa,Toledo,,,,,,0,0,0,0,0
Castillo de Bayuela,Toledo,13.1 (15:20),1.5 (07:40),7.3,,,0,0,0,0,0
Talavera de la Reina,Toledo,14.1 (16:40),-1.8 (08:40),6.2,,,0,0,0,0,0
Quintanar de la Orden,Toledo,,,,,,,,,,
Madridejos,Toledo,16.3 (16:40),-3.3 (07:40),6.5,23 (13:40),14 (13:10),,,,,
Fontanars dels Alforins,València/Valencia,17.8 (15:50),-2.5 (07:00),7.6,,,0,0,0,0,0
Oliva,València/Valencia,15.7 (13:10),0.9 (07:30),8.3,9 (02:00),5 (20:20),0,0,0,0,0
Miramar,València/Valencia,17.4 (12:10),8.3 (07:10),12.8,,,0,0,0,0,0
Barx,València/Valencia,16.7 (14:20),4.2 (06:00),10.5,16 (02:00),8 (01:40),0,0,0,0,0
Jalance,València/Valencia,14.8 (15:30),-4.7 (08:10),5.1,6 (13:20),3 (12:10),0,0,0,0,0
Zarra,València/Valencia,14.6 (16:00),6.6 (09:10),10.6,,30 (23:59),0,0,0,0,0
Bicorp,València/Valencia,19.5 (14:40),2.1 (08:00),10.8,14 (16:00),9 (19:00),0,0,0,0,0
Ontinyent,València/Valencia,17.7 (12:10),3.3 (23:59),10.5,16 (10:40),9 (11:00),0,0,0,0,0
Xàtiva,València/Valencia,19.8 (15:00),1.2 (08:50),10.5,14 (08:10),9 (08:10),0,0,0,0,0
Carcaixent,València/Valencia,19.0 (14:40),3.2 (22:10),11.1,17 (04:50),12 (06:10),0,0,0,0,0
Utiel,València/Valencia,15.0 (15:50),-4.1 (09:50),5.5,19 (14:50),13 (14:40),0,0,0,0,0
Buñol,València/Valencia,15.3 (15:00),1.9 (08:30),8.6,27 (08:00),14 (09:50),0,0,0,0,0
Polinyà de Xúquer,València/Valencia,16.5 (14:40),3.7 (05:50),10.1,21 (10:30),12 (09:40),,,,,
Turís,València/Valencia,19.3 (15:20),1.9 (23:59),10.6,,,0,0,0,0,0
Ademuz,València/Valencia,16.3 (16:20),-6.0 (08:10),5.1,,,0,0,0,0,0
Chelva,València/Valencia,18.1 (15:10),2.5 (07:50),10.3,23 (15:40),13 (15:40),0,0,0,0,0
Lliria,València/Valencia,18.5 (14:10),4.5 (23:59),11.5,21 (10:20),14 (04:00),0,0,0,0,0
Valencia Aeropuerto,València/Valencia,17.7 (14:50),1.2 (08:10),9.5,21 (14:10),14 (07:40),0,0,0,0,0
"València, Viveros",València/Valencia,17.7 (13:40),5.9 (07:20),11.8,13 (00:40),8 (03:30),0,0,0,0,0
Sagunto,València/Valencia,17.3 (13:10),0.6 (07:20),8.9,,,,,,,
Peñafiel,Valladolid,11.3 (16:10),-4.4 (09:00),3.5,,,0,0,0,0,0
Sardón de Duero,Valladolid,13.7 (16:10),-6.6 (08:30),3.5,12 (14:40),7 (14:40),0,0,0,0,0
Valladolid,Valladolid,12.6 (15:50),-2.4 (09:00),5.1,13 (18:00),8 (18:00),0,0,0,0,0
"Olmedo, Depósito de Agua",Valladolid,10.8 (16:00),-3.7 (08:30),3.6,15 (22:50),13 (22:50),0,0,0,0,0
Rueda,Valladolid,,,,,,,,,,
Fuente el Sol,Valladolid,14.2 (16:00),-4.5 (08:50),4.8,8 (22:20),7 (22:20),0,0,0,0,0
Villalón de Campos,Valladolid,13.0 (15:50),-3.2 (09:10),4.9,11 (23:10),9 (17:30),0,0,0,0,0
Medina de Rioseco,Valladolid,12.8 (16:00),-4.9 (08:40),4,11 (14:40),7 (02:30),0,0,0,0,0
Morales del Toro,Zamora,12.8 (15:30),-3.9 (09:00),4.5,12 (16:00),10 (22:20),0,0,0,0,0
Fuentesauco,Zamora,9.7 (16:20),-1.7 (08:50),4,13 (13:50),10 (14:00),0,0,0,0,0
Villafáfila,Zamora,12.8 (16:00),-3.4 (09:00),4.7,12 (03:00),9 (05:30),0,0,0,0,0
Zamora,Zamora,13.0 (16:10),-2.3 (09:40),5.4,7 (00:40),4 (00:40),0,0,0,0,0
Benavente,Zamora,14.9 (16:10),-1.9 (09:00),6.5,16 (03:10),8 (02:30),0,0,0,0,0
"Sanabria, Robleda-Cervantes",Zamora,15.4 (14:40),-5.1 (08:50),5.1,22 (12:10),6 (15:00),0,0,0,0,0
Villardeciervos,Zamora,17.5 (15:30),-3.3 (08:30),7.1,18 (17:50),13 (17:40),0,0,0,0,0
Santibañez de Vidriales,Zamora,15.3 (16:10),-2.6 (08:50),6.4,9 (04:10),6 (04:10),0,0,0,0,0
Pozuelo de Tabara,Zamora,13.7 (16:20),-2.4 (08:40),5.6,12 (18:50),9 (18:50),0,0,0,0,0
Villadepera,Zamora,12.4 (17:20),1.2 (08:50),6.8,20 (14:10),13 (03:40),0,0,0,0,0
Peñausende,Zamora,,,,,5 (10:00),0,0,0,0,0
Fresno de Sayago,Zamora,13.9 (17:10),-2.3 (02:10),5.8,19 (14:30),14 (12:00),0,0,0,0,0
Alcañices,Zamora,14.6 (16:20),2.8 (05:30),8.7,16 (15:00),12 (07:10),0,0,0,0,0
Sos del Rey Católico,Zaragoza,12.3 (16:30),0.2 (08:50),6.3,16 (13:10),9 (13:30),0,0,0,0,0
Tarazona,Zaragoza,15.4 (15:30),1.5 (23:59),8.4,20 (16:00),13 (00:30),0,0,0,0,0
Ejea de los Caballeros,Zaragoza,10.1 (16:10),-4.1 (08:40),3,9 (01:20),5 (14:40),0,0,0,0,0
Castejon de Valdejasa,Zaragoza,11.8 (16:00),2.1 (08:00),7,27 (13:10),21 (13:10),0,0,0,0,0
Alhama de Aragon,Zaragoza,15.3 (16:20),-5.7 (08:30),4.8,,,0,0,0,0,0
Daroca,Zaragoza,14.7 (15:20),-5.0 (08:30),4.8,10 (16:10),6 (16:30),0,0,0,0,0
Calatayud,Zaragoza,11.9 (17:00),-4.3 (09:00),3.8,10 (20:30),8 (20:30),0,0,0,0,0
La Almunia de Doña Godina,Zaragoza,16.8 (16:40),-1.5 (08:30),7.6,12 (23:50),8 (03:00),0,0,0,0,0
Zaragoza Aeropuerto,Zaragoza,6.5 (15:50),-1.6 (05:30),2.4,15 (17:30),13 (17:50),0,0,0,0,0
"Zaragoza, Valdespartera",Zaragoza,6.3 (15:40),-2.1 (06:00),2.1,19 (00:30),9 (01:50),0,0,0,0,0
Leciñena,Zaragoza,9.4 (16:40),-6.2 (07:30),1.6,15 (12:10),6 (13:40),0,0,0,0,0
Valmadrid,Zaragoza,12.9 (14:50),2.3 (05:20),7.6,49 (23:50),26 (23:59),0,0,0,0,0
Quinto,Zaragoza,1.9 (16:40),-1.1 (08:30),0.4,13 (00:10),7 (00:10),0,0,0,0,0
Caspe,Zaragoza,2.5 (16:10),-0.3 (10:30),1.1,13 (06:10),9 (06:10),0,0,0,0,0
